,date,d,event_name_1,event_type_1,event_name_2,event_type_2,snap_CA,snap_TX,snap_WI
0,1/29/2011,d_1,,,,,0,0,0
1,1/30/2011,d_2,,,,,0,0,0
2,1/31/2011,d_3,,,,,0,0,0
3,2/1/2011,d_4,,,,,1,1,0
4,2/2/2011,d_5,,,,,1,0,1
5,2/3/2011,d_6,,,,,1,1,1
6,2/4/2011,d_7,,,,,1,0,0
7,2/5/2011,d_8,,,,,1,1,1
8,2/6/2011,d_9,SuperBowl,Sporting,,,1,1,1
9,2/7/2011,d_10,,,,,1,1,0
10,2/8/2011,d_11,,,,,1,0,1
11,2/9/2011,d_12,,,,,1,1,1
12,2/10/2011,d_13,,,,,1,0,0
13,2/11/2011,d_14,,,,,0,1,1
14,2/12/2011,d_15,,,,,0,1,1
15,2/13/2011,d_16,,,,,0,1,0
16,2/14/2011,d_17,ValentinesDay,Cultural,,,0,0,1
17,2/15/2011,d_18,,,,,0,1,1
18,2/16/2011,d_19,,,,,0,0,0
19,2/17/2011,d_20,,,,,0,0,0
20,2/18/2011,d_21,,,,,0,0,0
21,2/19/2011,d_22,,,,,0,0,0
22,2/20/2011,d_23,,,,,0,0,0
23,2/21/2011,d_24,PresidentsDay,National,,,0,0,0
24,2/22/2011,d_25,,,,,0,0,0
25,2/23/2011,d_26,,,,,0,0,0
26,2/24/2011,d_27,,,,,0,0,0
27,2/25/2011,d_28,,,,,0,0,0
28,2/26/2011,d_29,,,,,0,0,0
29,2/27/2011,d_30,,,,,0,0,0
30,2/28/2011,d_31,,,,,0,0,0
31,3/1/2011,d_32,,,,,1,1,0
32,3/2/2011,d_33,,,,,1,0,1
33,3/3/2011,d_34,,,,,1,1,1
34,3/4/2011,d_35,,,,,1,0,0
35,3/5/2011,d_36,,,,,1,1,1
36,3/6/2011,d_37,,,,,1,1,1
37,3/7/2011,d_38,,,,,1,1,0
38,3/8/2011,d_39,,,,,1,0,1
39,3/9/2011,d_40,LentStart,Religious,,,1,1,1
40,3/10/2011,d_41,,,,,1,0,0
41,3/11/2011,d_42,,,,,0,1,1
42,3/12/2011,d_43,,,,,0,1,1
43,3/13/2011,d_44,,,,,0,1,0
44,3/14/2011,d_45,,,,,0,0,1
45,3/15/2011,d_46,,,,,0,1,1
46,3/16/2011,d_47,LentWeek2,Religious,,,0,0,0
47,3/17/2011,d_48,StPatricksDay,Cultural,,,0,0,0
48,3/18/2011,d_49,,,,,0,0,0
49,3/19/2011,d_50,,,,,0,0,0
50,3/20/2011,d_51,Purim End,Religious,,,0,0,0
51,3/21/2011,d_52,,,,,0,0,0
52,3/22/2011,d_53,,,,,0,0,0
53,3/23/2011,d_54,,,,,0,0,0
54,3/24/2011,d_55,,,,,0,0,0
55,3/25/2011,d_56,,,,,0,0,0
56,3/26/2011,d_57,,,,,0,0,0
57,3/27/2011,d_58,,,,,0,0,0
58,3/28/2011,d_59,,,,,0,0,0
59,3/29/2011,d_60,,,,,0,0,0
60,3/30/2011,d_61,,,,,0,0,0
61,3/31/2011,d_62,,,,,0,0,0
62,4/1/2011,d_63,,,,,1,1,0
63,4/2/2011,d_64,,,,,1,0,1
64,4/3/2011,d_65,,,,,1,1,1
65,4/4/2011,d_66,,,,,1,0,0
66,4/5/2011,d_67,,,,,1,1,1
67,4/6/2011,d_68,,,,,1,1,1
68,4/7/2011,d_69,,,,,1,1,0
69,4/8/2011,d_70,,,,,1,0,1
70,4/9/2011,d_71,,,,,1,1,1
71,4/10/2011,d_72,,,,,1,0,0
72,4/11/2011,d_73,,,,,0,1,1
73,4/12/2011,d_74,,,,,0,1,1
74,4/13/2011,d_75,,,,,0,1,0
75,4/14/2011,d_76,,,,,0,0,1
76,4/15/2011,d_77,,,,,0,1,1
77,4/16/2011,d_78,,,,,0,0,0
78,4/17/2011,d_79,,,,,0,0,0
79,4/18/2011,d_80,,,,,0,0,0
80,4/19/2011,d_81,,,,,0,0,0
81,4/20/2011,d_82,,,,,0,0,0
82,4/21/2011,d_83,,,,,0,0,0
83,4/22/2011,d_84,,,,,0,0,0
84,4/23/2011,d_85,,,,,0,0,0
85,4/24/2011,d_86,OrthodoxEaster,Religious,Easter,Cultural,0,0,0
86,4/25/2011,d_87,,,,,0,0,0
87,4/26/2011,d_88,Pesach End,Religious,,,0,0,0
88,4/27/2011,d_89,,,,,0,0,0
89,4/28/2011,d_90,,,,,0,0,0
90,4/29/2011,d_91,,,,,0,0,0
91,4/30/2011,d_92,,,,,0,0,0
92,5/1/2011,d_93,,,,,1,1,0
93,5/2/2011,d_94,,,,,1,0,1
94,5/3/2011,d_95,,,,,1,1,1
95,5/4/2011,d_96,,,,,1,0,0
96,5/5/2011,d_97,Cinco De Mayo,Cultural,,,1,1,1
97,5/6/2011,d_98,,,,,1,1,1
98,5/7/2011,d_99,,,,,1,1,0
99,5/8/2011,d_100,Mother's day,Cultural,,,1,0,1
100,5/9/2011,d_101,,,,,1,1,1
101,5/10/2011,d_102,,,,,1,0,0
102,5/11/2011,d_103,,,,,0,1,1
103,5/12/2011,d_104,,,,,0,1,1
104,5/13/2011,d_105,,,,,0,1,0
105,5/14/2011,d_106,,,,,0,0,1
106,5/15/2011,d_107,,,,,0,1,1
107,5/16/2011,d_108,,,,,0,0,0
108,5/17/2011,d_109,,,,,0,0,0
109,5/18/2011,d_110,,,,,0,0,0
110,5/19/2011,d_111,,,,,0,0,0
111,5/20/2011,d_112,,,,,0,0,0
112,5/21/2011,d_113,,,,,0,0,0
113,5/22/2011,d_114,,,,,0,0,0
114,5/23/2011,d_115,,,,,0,0,0
115,5/24/2011,d_116,,,,,0,0,0
116,5/25/2011,d_117,,,,,0,0,0
117,5/26/2011,d_118,,,,,0,0,0
118,5/27/2011,d_119,,,,,0,0,0
119,5/28/2011,d_120,,,,,0,0,0
120,5/29/2011,d_121,,,,,0,0,0
121,5/30/2011,d_122,MemorialDay,National,,,0,0,0
122,5/31/2011,d_123,NBAFinalsStart,Sporting,,,0,0,0
123,6/1/2011,d_124,,,,,1,1,0
124,6/2/2011,d_125,,,,,1,0,1
125,6/3/2011,d_126,,,,,1,1,1
126,6/4/2011,d_127,,,,,1,0,0
127,6/5/2011,d_128,,,,,1,1,1
128,6/6/2011,d_129,,,,,1,1,1
129,6/7/2011,d_130,,,,,1,1,0
130,6/8/2011,d_131,,,,,1,0,1
131,6/9/2011,d_132,,,,,1,1,1
132,6/10/2011,d_133,,,,,1,0,0
133,6/11/2011,d_134,,,,,0,1,1
134,6/12/2011,d_135,NBAFinalsEnd,Sporting,,,0,1,1
135,6/13/2011,d_136,,,,,0,1,0
136,6/14/2011,d_137,,,,,0,0,1
137,6/15/2011,d_138,,,,,0,1,1
138,6/16/2011,d_139,,,,,0,0,0
139,6/17/2011,d_140,,,,,0,0,0
140,6/18/2011,d_141,,,,,0,0,0
141,6/19/2011,d_142,Father's day,Cultural,,,0,0,0
142,6/20/2011,d_143,,,,,0,0,0
143,6/21/2011,d_144,,,,,0,0,0
144,6/22/2011,d_145,,,,,0,0,0
145,6/23/2011,d_146,,,,,0,0,0
146,6/24/2011,d_147,,,,,0,0,0
147,6/25/2011,d_148,,,,,0,0,0
148,6/26/2011,d_149,,,,,0,0,0
149,6/27/2011,d_150,,,,,0,0,0
150,6/28/2011,d_151,,,,,0,0,0
151,6/29/2011,d_152,,,,,0,0,0
152,6/30/2011,d_153,,,,,0,0,0
153,7/1/2011,d_154,,,,,1,1,0
154,7/2/2011,d_155,,,,,1,0,1
155,7/3/2011,d_156,,,,,1,1,1
156,7/4/2011,d_157,IndependenceDay,National,,,1,0,0
157,7/5/2011,d_158,,,,,1,1,1
158,7/6/2011,d_159,,,,,1,1,1
159,7/7/2011,d_160,,,,,1,1,0
160,7/8/2011,d_161,,,,,1,0,1
161,7/9/2011,d_162,,,,,1,1,1
162,7/10/2011,d_163,,,,,1,0,0
163,7/11/2011,d_164,,,,,0,1,1
164,7/12/2011,d_165,,,,,0,1,1
165,7/13/2011,d_166,,,,,0,1,0
166,7/14/2011,d_167,,,,,0,0,1
167,7/15/2011,d_168,,,,,0,1,1
168,7/16/2011,d_169,,,,,0,0,0
169,7/17/2011,d_170,,,,,0,0,0
170,7/18/2011,d_171,,,,,0,0,0
171,7/19/2011,d_172,,,,,0,0,0
172,7/20/2011,d_173,,,,,0,0,0
173,7/21/2011,d_174,,,,,0,0,0
174,7/22/2011,d_175,,,,,0,0,0
175,7/23/2011,d_176,,,,,0,0,0
176,7/24/2011,d_177,,,,,0,0,0
177,7/25/2011,d_178,,,,,0,0,0
178,7/26/2011,d_179,,,,,0,0,0
179,7/27/2011,d_180,,,,,0,0,0
180,7/28/2011,d_181,,,,,0,0,0
181,7/29/2011,d_182,,,,,0,0,0
182,7/30/2011,d_183,,,,,0,0,0
183,7/31/2011,d_184,,,,,0,0,0
184,8/1/2011,d_185,Ramadan starts,Religious,,,1,1,0
185,8/2/2011,d_186,,,,,1,0,1
186,8/3/2011,d_187,,,,,1,1,1
187,8/4/2011,d_188,,,,,1,0,0
188,8/5/2011,d_189,,,,,1,1,1
189,8/6/2011,d_190,,,,,1,1,1
190,8/7/2011,d_191,,,,,1,1,0
191,8/8/2011,d_192,,,,,1,0,1
192,8/9/2011,d_193,,,,,1,1,1
193,8/10/2011,d_194,,,,,1,0,0
194,8/11/2011,d_195,,,,,0,1,1
195,8/12/2011,d_196,,,,,0,1,1
196,8/13/2011,d_197,,,,,0,1,0
197,8/14/2011,d_198,,,,,0,0,1
198,8/15/2011,d_199,,,,,0,1,1
199,8/16/2011,d_200,,,,,0,0,0
200,8/17/2011,d_201,,,,,0,0,0
201,8/18/2011,d_202,,,,,0,0,0
202,8/19/2011,d_203,,,,,0,0,0
203,8/20/2011,d_204,,,,,0,0,0
204,8/21/2011,d_205,,,,,0,0,0
205,8/22/2011,d_206,,,,,0,0,0
206,8/23/2011,d_207,,,,,0,0,0
207,8/24/2011,d_208,,,,,0,0,0
208,8/25/2011,d_209,,,,,0,0,0
209,8/26/2011,d_210,,,,,0,0,0
210,8/27/2011,d_211,,,,,0,0,0
211,8/28/2011,d_212,,,,,0,0,0
212,8/29/2011,d_213,,,,,0,0,0
213,8/30/2011,d_214,,,,,0,0,0
214,8/31/2011,d_215,Eid al-Fitr,Religious,,,0,0,0
215,9/1/2011,d_216,,,,,1,1,0
216,9/2/2011,d_217,,,,,1,0,1
217,9/3/2011,d_218,,,,,1,1,1
218,9/4/2011,d_219,,,,,1,0,0
219,9/5/2011,d_220,LaborDay,National,,,1,1,1
220,9/6/2011,d_221,,,,,1,1,1
221,9/7/2011,d_222,,,,,1,1,0
222,9/8/2011,d_223,,,,,1,0,1
223,9/9/2011,d_224,,,,,1,1,1
224,9/10/2011,d_225,,,,,1,0,0
225,9/11/2011,d_226,,,,,0,1,1
226,9/12/2011,d_227,,,,,0,1,1
227,9/13/2011,d_228,,,,,0,1,0
228,9/14/2011,d_229,,,,,0,0,1
229,9/15/2011,d_230,,,,,0,1,1
230,9/16/2011,d_231,,,,,0,0,0
231,9/17/2011,d_232,,,,,0,0,0
232,9/18/2011,d_233,,,,,0,0,0
233,9/19/2011,d_234,,,,,0,0,0
234,9/20/2011,d_235,,,,,0,0,0
235,9/21/2011,d_236,,,,,0,0,0
236,9/22/2011,d_237,,,,,0,0,0
237,9/23/2011,d_238,,,,,0,0,0
238,9/24/2011,d_239,,,,,0,0,0
239,9/25/2011,d_240,,,,,0,0,0
240,9/26/2011,d_241,,,,,0,0,0
241,9/27/2011,d_242,,,,,0,0,0
242,9/28/2011,d_243,,,,,0,0,0
243,9/29/2011,d_244,,,,,0,0,0
244,9/30/2011,d_245,,,,,0,0,0
245,10/1/2011,d_246,,,,,1,1,0
246,10/2/2011,d_247,,,,,1,0,1
247,10/3/2011,d_248,,,,,1,1,1
248,10/4/2011,d_249,,,,,1,0,0
249,10/5/2011,d_250,,,,,1,1,1
250,10/6/2011,d_251,,,,,1,1,1
251,10/7/2011,d_252,,,,,1,1,0
252,10/8/2011,d_253,,,,,1,0,1
253,10/9/2011,d_254,,,,,1,1,1
254,10/10/2011,d_255,ColumbusDay,National,,,1,0,0
255,10/11/2011,d_256,,,,,0,1,1
256,10/12/2011,d_257,,,,,0,1,1
257,10/13/2011,d_258,,,,,0,1,0
258,10/14/2011,d_259,,,,,0,0,1
259,10/15/2011,d_260,,,,,0,1,1
260,10/16/2011,d_261,,,,,0,0,0
261,10/17/2011,d_262,,,,,0,0,0
262,10/18/2011,d_263,,,,,0,0,0
263,10/19/2011,d_264,,,,,0,0,0
264,10/20/2011,d_265,,,,,0,0,0
265,10/21/2011,d_266,,,,,0,0,0
266,10/22/2011,d_267,,,,,0,0,0
267,10/23/2011,d_268,,,,,0,0,0
268,10/24/2011,d_269,,,,,0,0,0
269,10/25/2011,d_270,,,,,0,0,0
270,10/26/2011,d_271,,,,,0,0,0
271,10/27/2011,d_272,,,,,0,0,0
272,10/28/2011,d_273,,,,,0,0,0
273,10/29/2011,d_274,,,,,0,0,0
274,10/30/2011,d_275,,,,,0,0,0
275,10/31/2011,d_276,Halloween,Cultural,,,0,0,0
276,11/1/2011,d_277,,,,,1,1,0
277,11/2/2011,d_278,,,,,1,0,1
278,11/3/2011,d_279,,,,,1,1,1
279,11/4/2011,d_280,,,,,1,0,0
280,11/5/2011,d_281,,,,,1,1,1
281,11/6/2011,d_282,,,,,1,1,1
282,11/7/2011,d_283,EidAlAdha,Religious,,,1,1,0
283,11/8/2011,d_284,,,,,1,0,1
284,11/9/2011,d_285,,,,,1,1,1
285,11/10/2011,d_286,,,,,1,0,0
286,11/11/2011,d_287,VeteransDay,National,,,0,1,1
287,11/12/2011,d_288,,,,,0,1,1
288,11/13/2011,d_289,,,,,0,1,0
289,11/14/2011,d_290,,,,,0,0,1
290,11/15/2011,d_291,,,,,0,1,1
291,11/16/2011,d_292,,,,,0,0,0
292,11/17/2011,d_293,,,,,0,0,0
293,11/18/2011,d_294,,,,,0,0,0
294,11/19/2011,d_295,,,,,0,0,0
295,11/20/2011,d_296,,,,,0,0,0
296,11/21/2011,d_297,,,,,0,0,0
297,11/22/2011,d_298,,,,,0,0,0
298,11/23/2011,d_299,,,,,0,0,0
299,11/24/2011,d_300,Thanksgiving,National,,,0,0,0
300,11/25/2011,d_301,,,,,0,0,0
301,11/26/2011,d_302,,,,,0,0,0
302,11/27/2011,d_303,,,,,0,0,0
303,11/28/2011,d_304,,,,,0,0,0
304,11/29/2011,d_305,,,,,0,0,0
305,11/30/2011,d_306,,,,,0,0,0
306,12/1/2011,d_307,,,,,1,1,0
307,12/2/2011,d_308,,,,,1,0,1
308,12/3/2011,d_309,,,,,1,1,1
309,12/4/2011,d_310,,,,,1,0,0
310,12/5/2011,d_311,,,,,1,1,1
311,12/6/2011,d_312,,,,,1,1,1
312,12/7/2011,d_313,,,,,1,1,0
313,12/8/2011,d_314,,,,,1,0,1
314,12/9/2011,d_315,,,,,1,1,1
315,12/10/2011,d_316,,,,,1,0,0
316,12/11/2011,d_317,,,,,0,1,1
317,12/12/2011,d_318,,,,,0,1,1
318,12/13/2011,d_319,,,,,0,1,0
319,12/14/2011,d_320,,,,,0,0,1
320,12/15/2011,d_321,,,,,0,1,1
321,12/16/2011,d_322,,,,,0,0,0
322,12/17/2011,d_323,,,,,0,0,0
323,12/18/2011,d_324,,,,,0,0,0
324,12/19/2011,d_325,,,,,0,0,0
325,12/20/2011,d_326,,,,,0,0,0
326,12/21/2011,d_327,,,,,0,0,0
327,12/22/2011,d_328,,,,,0,0,0
328,12/23/2011,d_329,,,,,0,0,0
329,12/24/2011,d_330,,,,,0,0,0
330,12/25/2011,d_331,Christmas,National,,,0,0,0
331,12/26/2011,d_332,,,,,0,0,0
332,12/27/2011,d_333,,,,,0,0,0
333,12/28/2011,d_334,Chanukah End,Religious,,,0,0,0
334,12/29/2011,d_335,,,,,0,0,0
335,12/30/2011,d_336,,,,,0,0,0
336,12/31/2011,d_337,,,,,0,0,0
337,1/1/2012,d_338,NewYear,National,,,1,1,0
338,1/2/2012,d_339,,,,,1,0,1
339,1/3/2012,d_340,,,,,1,1,1
340,1/4/2012,d_341,,,,,1,0,0
341,1/5/2012,d_342,,,,,1,1,1
342,1/6/2012,d_343,,,,,1,1,1
343,1/7/2012,d_344,OrthodoxChristmas,Religious,,,1,1,0
344,1/8/2012,d_345,,,,,1,0,1
345,1/9/2012,d_346,,,,,1,1,1
346,1/10/2012,d_347,,,,,1,0,0
347,1/11/2012,d_348,,,,,0,1,1
348,1/12/2012,d_349,,,,,0,1,1
349,1/13/2012,d_350,,,,,0,1,0
350,1/14/2012,d_351,,,,,0,0,1
351,1/15/2012,d_352,,,,,0,1,1
352,1/16/2012,d_353,MartinLutherKingDay,National,,,0,0,0
353,1/17/2012,d_354,,,,,0,0,0
354,1/18/2012,d_355,,,,,0,0,0
355,1/19/2012,d_356,,,,,0,0,0
356,1/20/2012,d_357,,,,,0,0,0
357,1/21/2012,d_358,,,,,0,0,0
358,1/22/2012,d_359,,,,,0,0,0
359,1/23/2012,d_360,,,,,0,0,0
360,1/24/2012,d_361,,,,,0,0,0
361,1/25/2012,d_362,,,,,0,0,0
362,1/26/2012,d_363,,,,,0,0,0
363,1/27/2012,d_364,,,,,0,0,0
364,1/28/2012,d_365,,,,,0,0,0
365,1/29/2012,d_366,,,,,0,0,0
366,1/30/2012,d_367,,,,,0,0,0
367,1/31/2012,d_368,,,,,0,0,0
368,2/1/2012,d_369,,,,,1,1,0
369,2/2/2012,d_370,,,,,1,0,1
370,2/3/2012,d_371,,,,,1,1,1
371,2/4/2012,d_372,,,,,1,0,0
372,2/5/2012,d_373,SuperBowl,Sporting,,,1,1,1
373,2/6/2012,d_374,,,,,1,1,1
374,2/7/2012,d_375,,,,,1,1,0
375,2/8/2012,d_376,,,,,1,0,1
376,2/9/2012,d_377,,,,,1,1,1
377,2/10/2012,d_378,,,,,1,0,0
378,2/11/2012,d_379,,,,,0,1,1
379,2/12/2012,d_380,,,,,0,1,1
380,2/13/2012,d_381,,,,,0,1,0
381,2/14/2012,d_382,ValentinesDay,Cultural,,,0,0,1
382,2/15/2012,d_383,,,,,0,1,1
383,2/16/2012,d_384,,,,,0,0,0
384,2/17/2012,d_385,,,,,0,0,0
385,2/18/2012,d_386,,,,,0,0,0
386,2/19/2012,d_387,,,,,0,0,0
387,2/20/2012,d_388,PresidentsDay,National,,,0,0,0
388,2/21/2012,d_389,,,,,0,0,0
389,2/22/2012,d_390,LentStart,Religious,,,0,0,0
390,2/23/2012,d_391,,,,,0,0,0
391,2/24/2012,d_392,,,,,0,0,0
392,2/25/2012,d_393,,,,,0,0,0
393,2/26/2012,d_394,,,,,0,0,0
394,2/27/2012,d_395,,,,,0,0,0
395,2/28/2012,d_396,,,,,0,0,0
396,2/29/2012,d_397,LentWeek2,Religious,,,0,0,0
397,3/1/2012,d_398,,,,,1,1,0
398,3/2/2012,d_399,,,,,1,0,1
399,3/3/2012,d_400,,,,,1,1,1
400,3/4/2012,d_401,,,,,1,0,0
401,3/5/2012,d_402,,,,,1,1,1
402,3/6/2012,d_403,,,,,1,1,1
403,3/7/2012,d_404,,,,,1,1,0
404,3/8/2012,d_405,Purim End,Religious,,,1,0,1
405,3/9/2012,d_406,,,,,1,1,1
406,3/10/2012,d_407,,,,,1,0,0
407,3/11/2012,d_408,,,,,0,1,1
408,3/12/2012,d_409,,,,,0,1,1
409,3/13/2012,d_410,,,,,0,1,0
410,3/14/2012,d_411,,,,,0,0,1
411,3/15/2012,d_412,,,,,0,1,1
412,3/16/2012,d_413,,,,,0,0,0
413,3/17/2012,d_414,StPatricksDay,Cultural,,,0,0,0
414,3/18/2012,d_415,,,,,0,0,0
415,3/19/2012,d_416,,,,,0,0,0
416,3/20/2012,d_417,,,,,0,0,0
417,3/21/2012,d_418,,,,,0,0,0
418,3/22/2012,d_419,,,,,0,0,0
419,3/23/2012,d_420,,,,,0,0,0
420,3/24/2012,d_421,,,,,0,0,0
421,3/25/2012,d_422,,,,,0,0,0
422,3/26/2012,d_423,,,,,0,0,0
423,3/27/2012,d_424,,,,,0,0,0
424,3/28/2012,d_425,,,,,0,0,0
425,3/29/2012,d_426,,,,,0,0,0
426,3/30/2012,d_427,,,,,0,0,0
427,3/31/2012,d_428,,,,,0,0,0
428,4/1/2012,d_429,,,,,1,1,0
429,4/2/2012,d_430,,,,,1,0,1
430,4/3/2012,d_431,,,,,1,1,1
431,4/4/2012,d_432,,,,,1,0,0
432,4/5/2012,d_433,,,,,1,1,1
433,4/6/2012,d_434,,,,,1,1,1
434,4/7/2012,d_435,,,,,1,1,0
435,4/8/2012,d_436,Easter,Cultural,,,1,0,1
436,4/9/2012,d_437,,,,,1,1,1
437,4/10/2012,d_438,,,,,1,0,0
438,4/11/2012,d_439,,,,,0,1,1
439,4/12/2012,d_440,,,,,0,1,1
440,4/13/2012,d_441,,,,,0,1,0
441,4/14/2012,d_442,Pesach End,Religious,,,0,0,1
442,4/15/2012,d_443,OrthodoxEaster,Religious,,,0,1,1
443,4/16/2012,d_444,,,,,0,0,0
444,4/17/2012,d_445,,,,,0,0,0
445,4/18/2012,d_446,,,,,0,0,0
446,4/19/2012,d_447,,,,,0,0,0
447,4/20/2012,d_448,,,,,0,0,0
448,4/21/2012,d_449,,,,,0,0,0
449,4/22/2012,d_450,,,,,0,0,0
450,4/23/2012,d_451,,,,,0,0,0
451,4/24/2012,d_452,,,,,0,0,0
452,4/25/2012,d_453,,,,,0,0,0
453,4/26/2012,d_454,,,,,0,0,0
454,4/27/2012,d_455,,,,,0,0,0
455,4/28/2012,d_456,,,,,0,0,0
456,4/29/2012,d_457,,,,,0,0,0
457,4/30/2012,d_458,,,,,0,0,0
458,5/1/2012,d_459,,,,,1,1,0
459,5/2/2012,d_460,,,,,1,0,1
460,5/3/2012,d_461,,,,,1,1,1
461,5/4/2012,d_462,,,,,1,0,0
462,5/5/2012,d_463,Cinco De Mayo,Cultural,,,1,1,1
463,5/6/2012,d_464,,,,,1,1,1
464,5/7/2012,d_465,,,,,1,1,0
465,5/8/2012,d_466,,,,,1,0,1
466,5/9/2012,d_467,,,,,1,1,1
467,5/10/2012,d_468,,,,,1,0,0
468,5/11/2012,d_469,,,,,0,1,1
469,5/12/2012,d_470,,,,,0,1,1
470,5/13/2012,d_471,Mother's day,Cultural,,,0,1,0
471,5/14/2012,d_472,,,,,0,0,1
472,5/15/2012,d_473,,,,,0,1,1
473,5/16/2012,d_474,,,,,0,0,0
474,5/17/2012,d_475,,,,,0,0,0
475,5/18/2012,d_476,,,,,0,0,0
476,5/19/2012,d_477,,,,,0,0,0
477,5/20/2012,d_478,,,,,0,0,0
478,5/21/2012,d_479,,,,,0,0,0
479,5/22/2012,d_480,,,,,0,0,0
480,5/23/2012,d_481,,,,,0,0,0
481,5/24/2012,d_482,,,,,0,0,0
482,5/25/2012,d_483,,,,,0,0,0
483,5/26/2012,d_484,,,,,0,0,0
484,5/27/2012,d_485,,,,,0,0,0
485,5/28/2012,d_486,MemorialDay,National,,,0,0,0
486,5/29/2012,d_487,,,,,0,0,0
487,5/30/2012,d_488,,,,,0,0,0
488,5/31/2012,d_489,,,,,0,0,0
489,6/1/2012,d_490,,,,,1,1,0
490,6/2/2012,d_491,,,,,1,0,1
491,6/3/2012,d_492,,,,,1,1,1
492,6/4/2012,d_493,,,,,1,0,0
493,6/5/2012,d_494,,,,,1,1,1
494,6/6/2012,d_495,,,,,1,1,1
495,6/7/2012,d_496,,,,,1,1,0
496,6/8/2012,d_497,,,,,1,0,1
497,6/9/2012,d_498,,,,,1,1,1
498,6/10/2012,d_499,,,,,1,0,0
499,6/11/2012,d_500,,,,,0,1,1
500,6/12/2012,d_501,NBAFinalsStart,Sporting,,,0,1,1
501,6/13/2012,d_502,,,,,0,1,0
502,6/14/2012,d_503,,,,,0,0,1
503,6/15/2012,d_504,,,,,0,1,1
504,6/16/2012,d_505,,,,,0,0,0
505,6/17/2012,d_506,Father's day,Cultural,,,0,0,0
506,6/18/2012,d_507,,,,,0,0,0
507,6/19/2012,d_508,,,,,0,0,0
508,6/20/2012,d_509,,,,,0,0,0
509,6/21/2012,d_510,NBAFinalsEnd,Sporting,,,0,0,0
510,6/22/2012,d_511,,,,,0,0,0
511,6/23/2012,d_512,,,,,0,0,0
512,6/24/2012,d_513,,,,,0,0,0
513,6/25/2012,d_514,,,,,0,0,0
514,6/26/2012,d_515,,,,,0,0,0
515,6/27/2012,d_516,,,,,0,0,0
516,6/28/2012,d_517,,,,,0,0,0
517,6/29/2012,d_518,,,,,0,0,0
518,6/30/2012,d_519,,,,,0,0,0
519,7/1/2012,d_520,,,,,1,1,0
520,7/2/2012,d_521,,,,,1,0,1
521,7/3/2012,d_522,,,,,1,1,1
522,7/4/2012,d_523,IndependenceDay,National,,,1,0,0
523,7/5/2012,d_524,,,,,1,1,1
524,7/6/2012,d_525,,,,,1,1,1
525,7/7/2012,d_526,,,,,1,1,0
526,7/8/2012,d_527,,,,,1,0,1
527,7/9/2012,d_528,,,,,1,1,1
528,7/10/2012,d_529,,,,,1,0,0
529,7/11/2012,d_530,,,,,0,1,1
530,7/12/2012,d_531,,,,,0,1,1
531,7/13/2012,d_532,,,,,0,1,0
532,7/14/2012,d_533,,,,,0,0,1
533,7/15/2012,d_534,,,,,0,1,1
534,7/16/2012,d_535,,,,,0,0,0
535,7/17/2012,d_536,,,,,0,0,0
536,7/18/2012,d_537,,,,,0,0,0
537,7/19/2012,d_538,,,,,0,0,0
538,7/20/2012,d_539,Ramadan starts,Religious,,,0,0,0
539,7/21/2012,d_540,,,,,0,0,0
540,7/22/2012,d_541,,,,,0,0,0
541,7/23/2012,d_542,,,,,0,0,0
542,7/24/2012,d_543,,,,,0,0,0
543,7/25/2012,d_544,,,,,0,0,0
544,7/26/2012,d_545,,,,,0,0,0
545,7/27/2012,d_546,,,,,0,0,0
546,7/28/2012,d_547,,,,,0,0,0
547,7/29/2012,d_548,,,,,0,0,0
548,7/30/2012,d_549,,,,,0,0,0
549,7/31/2012,d_550,,,,,0,0,0
550,8/1/2012,d_551,,,,,1,1,0
551,8/2/2012,d_552,,,,,1,0,1
552,8/3/2012,d_553,,,,,1,1,1
553,8/4/2012,d_554,,,,,1,0,0
554,8/5/2012,d_555,,,,,1,1,1
555,8/6/2012,d_556,,,,,1,1,1
556,8/7/2012,d_557,,,,,1,1,0
557,8/8/2012,d_558,,,,,1,0,1
558,8/9/2012,d_559,,,,,1,1,1
559,8/10/2012,d_560,,,,,1,0,0
560,8/11/2012,d_561,,,,,0,1,1
561,8/12/2012,d_562,,,,,0,1,1
562,8/13/2012,d_563,,,,,0,1,0
563,8/14/2012,d_564,,,,,0,0,1
564,8/15/2012,d_565,,,,,0,1,1
565,8/16/2012,d_566,,,,,0,0,0
566,8/17/2012,d_567,,,,,0,0,0
567,8/18/2012,d_568,,,,,0,0,0
568,8/19/2012,d_569,Eid al-Fitr,Religious,,,0,0,0
569,8/20/2012,d_570,,,,,0,0,0
570,8/21/2012,d_571,,,,,0,0,0
571,8/22/2012,d_572,,,,,0,0,0
572,8/23/2012,d_573,,,,,0,0,0
573,8/24/2012,d_574,,,,,0,0,0
574,8/25/2012,d_575,,,,,0,0,0
575,8/26/2012,d_576,,,,,0,0,0
576,8/27/2012,d_577,,,,,0,0,0
577,8/28/2012,d_578,,,,,0,0,0
578,8/29/2012,d_579,,,,,0,0,0
579,8/30/2012,d_580,,,,,0,0,0
580,8/31/2012,d_581,,,,,0,0,0
581,9/1/2012,d_582,,,,,1,1,0
582,9/2/2012,d_583,,,,,1,0,1
583,9/3/2012,d_584,LaborDay,National,,,1,1,1
584,9/4/2012,d_585,,,,,1,0,0
585,9/5/2012,d_586,,,,,1,1,1
586,9/6/2012,d_587,,,,,1,1,1
587,9/7/2012,d_588,,,,,1,1,0
588,9/8/2012,d_589,,,,,1,0,1
589,9/9/2012,d_590,,,,,1,1,1
590,9/10/2012,d_591,,,,,1,0,0
591,9/11/2012,d_592,,,,,0,1,1
592,9/12/2012,d_593,,,,,0,1,1
593,9/13/2012,d_594,,,,,0,1,0
594,9/14/2012,d_595,,,,,0,0,1
595,9/15/2012,d_596,,,,,0,1,1
596,9/16/2012,d_597,,,,,0,0,0
597,9/17/2012,d_598,,,,,0,0,0
598,9/18/2012,d_599,,,,,0,0,0
599,9/19/2012,d_600,,,,,0,0,0
600,9/20/2012,d_601,,,,,0,0,0
601,9/21/2012,d_602,,,,,0,0,0
602,9/22/2012,d_603,,,,,0,0,0
603,9/23/2012,d_604,,,,,0,0,0
604,9/24/2012,d_605,,,,,0,0,0
605,9/25/2012,d_606,,,,,0,0,0
606,9/26/2012,d_607,,,,,0,0,0
607,9/27/2012,d_608,,,,,0,0,0
608,9/28/2012,d_609,,,,,0,0,0
609,9/29/2012,d_610,,,,,0,0,0
610,9/30/2012,d_611,,,,,0,0,0
611,10/1/2012,d_612,,,,,1,1,0
612,10/2/2012,d_613,,,,,1,0,1
613,10/3/2012,d_614,,,,,1,1,1
614,10/4/2012,d_615,,,,,1,0,0
615,10/5/2012,d_616,,,,,1,1,1
616,10/6/2012,d_617,,,,,1,1,1
617,10/7/2012,d_618,,,,,1,1,0
618,10/8/2012,d_619,ColumbusDay,National,,,1,0,1
619,10/9/2012,d_620,,,,,1,1,1
620,10/10/2012,d_621,,,,,1,0,0
621,10/11/2012,d_622,,,,,0,1,1
622,10/12/2012,d_623,,,,,0,1,1
623,10/13/2012,d_624,,,,,0,1,0
624,10/14/2012,d_625,,,,,0,0,1
625,10/15/2012,d_626,,,,,0,1,1
626,10/16/2012,d_627,,,,,0,0,0
627,10/17/2012,d_628,,,,,0,0,0
628,10/18/2012,d_629,,,,,0,0,0
629,10/19/2012,d_630,,,,,0,0,0
630,10/20/2012,d_631,,,,,0,0,0
631,10/21/2012,d_632,,,,,0,0,0
632,10/22/2012,d_633,,,,,0,0,0
633,10/23/2012,d_634,,,,,0,0,0
634,10/24/2012,d_635,,,,,0,0,0
635,10/25/2012,d_636,,,,,0,0,0
636,10/26/2012,d_637,EidAlAdha,Religious,,,0,0,0
637,10/27/2012,d_638,,,,,0,0,0
638,10/28/2012,d_639,,,,,0,0,0
639,10/29/2012,d_640,,,,,0,0,0
640,10/30/2012,d_641,,,,,0,0,0
641,10/31/2012,d_642,Halloween,Cultural,,,0,0,0
642,11/1/2012,d_643,,,,,1,1,0
643,11/2/2012,d_644,,,,,1,0,1
644,11/3/2012,d_645,,,,,1,1,1
645,11/4/2012,d_646,,,,,1,0,0
646,11/5/2012,d_647,,,,,1,1,1
647,11/6/2012,d_648,,,,,1,1,1
648,11/7/2012,d_649,,,,,1,1,0
649,11/8/2012,d_650,,,,,1,0,1
650,11/9/2012,d_651,,,,,1,1,1
651,11/10/2012,d_652,,,,,1,0,0
652,11/11/2012,d_653,VeteransDay,National,,,0,1,1
653,11/12/2012,d_654,,,,,0,1,1
654,11/13/2012,d_655,,,,,0,1,0
655,11/14/2012,d_656,,,,,0,0,1
656,11/15/2012,d_657,,,,,0,1,1
657,11/16/2012,d_658,,,,,0,0,0
658,11/17/2012,d_659,,,,,0,0,0
659,11/18/2012,d_660,,,,,0,0,0
660,11/19/2012,d_661,,,,,0,0,0
661,11/20/2012,d_662,,,,,0,0,0
662,11/21/2012,d_663,,,,,0,0,0
663,11/22/2012,d_664,Thanksgiving,National,,,0,0,0
664,11/23/2012,d_665,,,,,0,0,0
665,11/24/2012,d_666,,,,,0,0,0
666,11/25/2012,d_667,,,,,0,0,0
667,11/26/2012,d_668,,,,,0,0,0
668,11/27/2012,d_669,,,,,0,0,0
669,11/28/2012,d_670,,,,,0,0,0
670,11/29/2012,d_671,,,,,0,0,0
671,11/30/2012,d_672,,,,,0,0,0
672,12/1/2012,d_673,,,,,1,1,0
673,12/2/2012,d_674,,,,,1,0,1
674,12/3/2012,d_675,,,,,1,1,1
675,12/4/2012,d_676,,,,,1,0,0
676,12/5/2012,d_677,,,,,1,1,1
677,12/6/2012,d_678,,,,,1,1,1
678,12/7/2012,d_679,,,,,1,1,0
679,12/8/2012,d_680,,,,,1,0,1
680,12/9/2012,d_681,,,,,1,1,1
681,12/10/2012,d_682,,,,,1,0,0
682,12/11/2012,d_683,,,,,0,1,1
683,12/12/2012,d_684,,,,,0,1,1
684,12/13/2012,d_685,,,,,0,1,0
685,12/14/2012,d_686,,,,,0,0,1
686,12/15/2012,d_687,,,,,0,1,1
687,12/16/2012,d_688,Chanukah End,Religious,,,0,0,0
688,12/17/2012,d_689,,,,,0,0,0
689,12/18/2012,d_690,,,,,0,0,0
690,12/19/2012,d_691,,,,,0,0,0
691,12/20/2012,d_692,,,,,0,0,0
692,12/21/2012,d_693,,,,,0,0,0
693,12/22/2012,d_694,,,,,0,0,0
694,12/23/2012,d_695,,,,,0,0,0
695,12/24/2012,d_696,,,,,0,0,0
696,12/25/2012,d_697,Christmas,National,,,0,0,0
697,12/26/2012,d_698,,,,,0,0,0
698,12/27/2012,d_699,,,,,0,0,0
699,12/28/2012,d_700,,,,,0,0,0
700,12/29/2012,d_701,,,,,0,0,0
701,12/30/2012,d_702,,,,,0,0,0
702,12/31/2012,d_703,,,,,0,0,0
703,1/1/2013,d_704,NewYear,National,,,1,1,0
704,1/2/2013,d_705,,,,,1,0,1
705,1/3/2013,d_706,,,,,1,1,1
706,1/4/2013,d_707,,,,,1,0,0
707,1/5/2013,d_708,,,,,1,1,1
708,1/6/2013,d_709,,,,,1,1,1
709,1/7/2013,d_710,OrthodoxChristmas,Religious,,,1,1,0
710,1/8/2013,d_711,,,,,1,0,1
711,1/9/2013,d_712,,,,,1,1,1
712,1/10/2013,d_713,,,,,1,0,0
713,1/11/2013,d_714,,,,,0,1,1
714,1/12/2013,d_715,,,,,0,1,1
715,1/13/2013,d_716,,,,,0,1,0
716,1/14/2013,d_717,,,,,0,0,1
717,1/15/2013,d_718,,,,,0,1,1
718,1/16/2013,d_719,,,,,0,0,0
719,1/17/2013,d_720,,,,,0,0,0
720,1/18/2013,d_721,,,,,0,0,0
721,1/19/2013,d_722,,,,,0,0,0
722,1/20/2013,d_723,,,,,0,0,0
723,1/21/2013,d_724,MartinLutherKingDay,National,,,0,0,0
724,1/22/2013,d_725,,,,,0,0,0
725,1/23/2013,d_726,,,,,0,0,0
726,1/24/2013,d_727,,,,,0,0,0
727,1/25/2013,d_728,,,,,0,0,0
728,1/26/2013,d_729,,,,,0,0,0
729,1/27/2013,d_730,,,,,0,0,0
730,1/28/2013,d_731,,,,,0,0,0
731,1/29/2013,d_732,,,,,0,0,0
732,1/30/2013,d_733,,,,,0,0,0
733,1/31/2013,d_734,,,,,0,0,0
734,2/1/2013,d_735,,,,,1,1,0
735,2/2/2013,d_736,,,,,1,0,1
736,2/3/2013,d_737,SuperBowl,Sporting,,,1,1,1
737,2/4/2013,d_738,,,,,1,0,0
738,2/5/2013,d_739,,,,,1,1,1
739,2/6/2013,d_740,,,,,1,1,1
740,2/7/2013,d_741,,,,,1,1,0
741,2/8/2013,d_742,,,,,1,0,1
742,2/9/2013,d_743,,,,,1,1,1
743,2/10/2013,d_744,,,,,1,0,0
744,2/11/2013,d_745,,,,,0,1,1
745,2/12/2013,d_746,,,,,0,1,1
746,2/13/2013,d_747,LentStart,Religious,,,0,1,0
747,2/14/2013,d_748,ValentinesDay,Cultural,,,0,0,1
748,2/15/2013,d_749,,,,,0,1,1
749,2/16/2013,d_750,,,,,0,0,0
750,2/17/2013,d_751,,,,,0,0,0
751,2/18/2013,d_752,PresidentsDay,National,,,0,0,0
752,2/19/2013,d_753,,,,,0,0,0
753,2/20/2013,d_754,LentWeek2,Religious,,,0,0,0
754,2/21/2013,d_755,,,,,0,0,0
755,2/22/2013,d_756,,,,,0,0,0
756,2/23/2013,d_757,,,,,0,0,0
757,2/24/2013,d_758,Purim End,Religious,,,0,0,0
758,2/25/2013,d_759,,,,,0,0,0
759,2/26/2013,d_760,,,,,0,0,0
760,2/27/2013,d_761,,,,,0,0,0
761,2/28/2013,d_762,,,,,0,0,0
762,3/1/2013,d_763,,,,,1,1,0
763,3/2/2013,d_764,,,,,1,0,1
764,3/3/2013,d_765,,,,,1,1,1
765,3/4/2013,d_766,,,,,1,0,0
766,3/5/2013,d_767,,,,,1,1,1
767,3/6/2013,d_768,,,,,1,1,1
768,3/7/2013,d_769,,,,,1,1,0
769,3/8/2013,d_770,,,,,1,0,1
770,3/9/2013,d_771,,,,,1,1,1
771,3/10/2013,d_772,,,,,1,0,0
772,3/11/2013,d_773,,,,,0,1,1
773,3/12/2013,d_774,,,,,0,1,1
774,3/13/2013,d_775,,,,,0,1,0
775,3/14/2013,d_776,,,,,0,0,1
776,3/15/2013,d_777,,,,,0,1,1
777,3/16/2013,d_778,,,,,0,0,0
778,3/17/2013,d_779,StPatricksDay,Cultural,,,0,0,0
779,3/18/2013,d_780,,,,,0,0,0
780,3/19/2013,d_781,,,,,0,0,0
781,3/20/2013,d_782,,,,,0,0,0
782,3/21/2013,d_783,,,,,0,0,0
783,3/22/2013,d_784,,,,,0,0,0
784,3/23/2013,d_785,,,,,0,0,0
785,3/24/2013,d_786,,,,,0,0,0
786,3/25/2013,d_787,,,,,0,0,0
787,3/26/2013,d_788,,,,,0,0,0
788,3/27/2013,d_789,,,,,0,0,0
789,3/28/2013,d_790,,,,,0,0,0
790,3/29/2013,d_791,,,,,0,0,0
791,3/30/2013,d_792,,,,,0,0,0
792,3/31/2013,d_793,Easter,Cultural,,,0,0,0
793,4/1/2013,d_794,,,,,1,1,0
794,4/2/2013,d_795,Pesach End,Religious,,,1,0,1
795,4/3/2013,d_796,,,,,1,1,1
796,4/4/2013,d_797,,,,,1,0,0
797,4/5/2013,d_798,,,,,1,1,1
798,4/6/2013,d_799,,,,,1,1,1
799,4/7/2013,d_800,,,,,1,1,0
800,4/8/2013,d_801,,,,,1,0,1
801,4/9/2013,d_802,,,,,1,1,1
802,4/10/2013,d_803,,,,,1,0,0
803,4/11/2013,d_804,,,,,0,1,1
804,4/12/2013,d_805,,,,,0,1,1
805,4/13/2013,d_806,,,,,0,1,0
806,4/14/2013,d_807,,,,,0,0,1
807,4/15/2013,d_808,,,,,0,1,1
808,4/16/2013,d_809,,,,,0,0,0
809,4/17/2013,d_810,,,,,0,0,0
810,4/18/2013,d_811,,,,,0,0,0
811,4/19/2013,d_812,,,,,0,0,0
812,4/20/2013,d_813,,,,,0,0,0
813,4/21/2013,d_814,,,,,0,0,0
814,4/22/2013,d_815,,,,,0,0,0
815,4/23/2013,d_816,,,,,0,0,0
816,4/24/2013,d_817,,,,,0,0,0
817,4/25/2013,d_818,,,,,0,0,0
818,4/26/2013,d_819,,,,,0,0,0
819,4/27/2013,d_820,,,,,0,0,0
820,4/28/2013,d_821,,,,,0,0,0
821,4/29/2013,d_822,,,,,0,0,0
822,4/30/2013,d_823,,,,,0,0,0
823,5/1/2013,d_824,,,,,1,1,0
824,5/2/2013,d_825,,,,,1,0,1
825,5/3/2013,d_826,,,,,1,1,1
826,5/4/2013,d_827,,,,,1,0,0
827,5/5/2013,d_828,OrthodoxEaster,Religious,Cinco De Mayo,Cultural,1,1,1
828,5/6/2013,d_829,,,,,1,1,1
829,5/7/2013,d_830,,,,,1,1,0
830,5/8/2013,d_831,,,,,1,0,1
831,5/9/2013,d_832,,,,,1,1,1
832,5/10/2013,d_833,,,,,1,0,0
833,5/11/2013,d_834,,,,,0,1,1
834,5/12/2013,d_835,Mother's day,Cultural,,,0,1,1
835,5/13/2013,d_836,,,,,0,1,0
836,5/14/2013,d_837,,,,,0,0,1
837,5/15/2013,d_838,,,,,0,1,1
838,5/16/2013,d_839,,,,,0,0,0
839,5/17/2013,d_840,,,,,0,0,0
840,5/18/2013,d_841,,,,,0,0,0
841,5/19/2013,d_842,,,,,0,0,0
842,5/20/2013,d_843,,,,,0,0,0
843,5/21/2013,d_844,,,,,0,0,0
844,5/22/2013,d_845,,,,,0,0,0
845,5/23/2013,d_846,,,,,0,0,0
846,5/24/2013,d_847,,,,,0,0,0
847,5/25/2013,d_848,,,,,0,0,0
848,5/26/2013,d_849,,,,,0,0,0
849,5/27/2013,d_850,MemorialDay,National,,,0,0,0
850,5/28/2013,d_851,,,,,0,0,0
851,5/29/2013,d_852,,,,,0,0,0
852,5/30/2013,d_853,,,,,0,0,0
853,5/31/2013,d_854,,,,,0,0,0
854,6/1/2013,d_855,,,,,1,1,0
855,6/2/2013,d_856,,,,,1,0,1
856,6/3/2013,d_857,,,,,1,1,1
857,6/4/2013,d_858,,,,,1,0,0
858,6/5/2013,d_859,,,,,1,1,1
859,6/6/2013,d_860,NBAFinalsStart,Sporting,,,1,1,1
860,6/7/2013,d_861,,,,,1,1,0
861,6/8/2013,d_862,,,,,1,0,1
862,6/9/2013,d_863,,,,,1,1,1
863,6/10/2013,d_864,,,,,1,0,0
864,6/11/2013,d_865,,,,,0,1,1
865,6/12/2013,d_866,,,,,0,1,1
866,6/13/2013,d_867,,,,,0,1,0
867,6/14/2013,d_868,,,,,0,0,1
868,6/15/2013,d_869,,,,,0,1,1
869,6/16/2013,d_870,Father's day,Cultural,,,0,0,0
870,6/17/2013,d_871,,,,,0,0,0
871,6/18/2013,d_872,,,,,0,0,0
872,6/19/2013,d_873,,,,,0,0,0
873,6/20/2013,d_874,NBAFinalsEnd,Sporting,,,0,0,0
874,6/21/2013,d_875,,,,,0,0,0
875,6/22/2013,d_876,,,,,0,0,0
876,6/23/2013,d_877,,,,,0,0,0
877,6/24/2013,d_878,,,,,0,0,0
878,6/25/2013,d_879,,,,,0,0,0
879,6/26/2013,d_880,,,,,0,0,0
880,6/27/2013,d_881,,,,,0,0,0
881,6/28/2013,d_882,,,,,0,0,0
882,6/29/2013,d_883,,,,,0,0,0
883,6/30/2013,d_884,,,,,0,0,0
884,7/1/2013,d_885,,,,,1,1,0
885,7/2/2013,d_886,,,,,1,0,1
886,7/3/2013,d_887,,,,,1,1,1
887,7/4/2013,d_888,IndependenceDay,National,,,1,0,0
888,7/5/2013,d_889,,,,,1,1,1
889,7/6/2013,d_890,,,,,1,1,1
890,7/7/2013,d_891,,,,,1,1,0
891,7/8/2013,d_892,,,,,1,0,1
892,7/9/2013,d_893,Ramadan starts,Religious,,,1,1,1
893,7/10/2013,d_894,,,,,1,0,0
894,7/11/2013,d_895,,,,,0,1,1
895,7/12/2013,d_896,,,,,0,1,1
896,7/13/2013,d_897,,,,,0,1,0
897,7/14/2013,d_898,,,,,0,0,1
898,7/15/2013,d_899,,,,,0,1,1
899,7/16/2013,d_900,,,,,0,0,0
900,7/17/2013,d_901,,,,,0,0,0
901,7/18/2013,d_902,,,,,0,0,0
902,7/19/2013,d_903,,,,,0,0,0
903,7/20/2013,d_904,,,,,0,0,0
904,7/21/2013,d_905,,,,,0,0,0
905,7/22/2013,d_906,,,,,0,0,0
906,7/23/2013,d_907,,,,,0,0,0
907,7/24/2013,d_908,,,,,0,0,0
908,7/25/2013,d_909,,,,,0,0,0
909,7/26/2013,d_910,,,,,0,0,0
910,7/27/2013,d_911,,,,,0,0,0
911,7/28/2013,d_912,,,,,0,0,0
912,7/29/2013,d_913,,,,,0,0,0
913,7/30/2013,d_914,,,,,0,0,0
914,7/31/2013,d_915,,,,,0,0,0
915,8/1/2013,d_916,,,,,1,1,0
916,8/2/2013,d_917,,,,,1,0,1
917,8/3/2013,d_918,,,,,1,1,1
918,8/4/2013,d_919,,,,,1,0,0
919,8/5/2013,d_920,,,,,1,1,1
920,8/6/2013,d_921,,,,,1,1,1
921,8/7/2013,d_922,,,,,1,1,0
922,8/8/2013,d_923,Eid al-Fitr,Religious,,,1,0,1
923,8/9/2013,d_924,,,,,1,1,1
924,8/10/2013,d_925,,,,,1,0,0
925,8/11/2013,d_926,,,,,0,1,1
926,8/12/2013,d_927,,,,,0,1,1
927,8/13/2013,d_928,,,,,0,1,0
928,8/14/2013,d_929,,,,,0,0,1
929,8/15/2013,d_930,,,,,0,1,1
930,8/16/2013,d_931,,,,,0,0,0
931,8/17/2013,d_932,,,,,0,0,0
932,8/18/2013,d_933,,,,,0,0,0
933,8/19/2013,d_934,,,,,0,0,0
934,8/20/2013,d_935,,,,,0,0,0
935,8/21/2013,d_936,,,,,0,0,0
936,8/22/2013,d_937,,,,,0,0,0
937,8/23/2013,d_938,,,,,0,0,0
938,8/24/2013,d_939,,,,,0,0,0
939,8/25/2013,d_940,,,,,0,0,0
940,8/26/2013,d_941,,,,,0,0,0
941,8/27/2013,d_942,,,,,0,0,0
942,8/28/2013,d_943,,,,,0,0,0
943,8/29/2013,d_944,,,,,0,0,0
944,8/30/2013,d_945,,,,,0,0,0
945,8/31/2013,d_946,,,,,0,0,0
946,9/1/2013,d_947,,,,,1,1,0
947,9/2/2013,d_948,LaborDay,National,,,1,0,1
948,9/3/2013,d_949,,,,,1,1,1
949,9/4/2013,d_950,,,,,1,0,0
950,9/5/2013,d_951,,,,,1,1,1
951,9/6/2013,d_952,,,,,1,1,1
952,9/7/2013,d_953,,,,,1,1,0
953,9/8/2013,d_954,,,,,1,0,1
954,9/9/2013,d_955,,,,,1,1,1
955,9/10/2013,d_956,,,,,1,0,0
956,9/11/2013,d_957,,,,,0,1,1
957,9/12/2013,d_958,,,,,0,1,1
958,9/13/2013,d_959,,,,,0,1,0
959,9/14/2013,d_960,,,,,0,0,1
960,9/15/2013,d_961,,,,,0,1,1
961,9/16/2013,d_962,,,,,0,0,0
962,9/17/2013,d_963,,,,,0,0,0
963,9/18/2013,d_964,,,,,0,0,0
964,9/19/2013,d_965,,,,,0,0,0
965,9/20/2013,d_966,,,,,0,0,0
966,9/21/2013,d_967,,,,,0,0,0
967,9/22/2013,d_968,,,,,0,0,0
968,9/23/2013,d_969,,,,,0,0,0
969,9/24/2013,d_970,,,,,0,0,0
970,9/25/2013,d_971,,,,,0,0,0
971,9/26/2013,d_972,,,,,0,0,0
972,9/27/2013,d_973,,,,,0,0,0
973,9/28/2013,d_974,,,,,0,0,0
974,9/29/2013,d_975,,,,,0,0,0
975,9/30/2013,d_976,,,,,0,0,0
976,10/1/2013,d_977,,,,,1,1,0
977,10/2/2013,d_978,,,,,1,0,1
978,10/3/2013,d_979,,,,,1,1,1
979,10/4/2013,d_980,,,,,1,0,0
980,10/5/2013,d_981,,,,,1,1,1
981,10/6/2013,d_982,,,,,1,1,1
982,10/7/2013,d_983,,,,,1,1,0
983,10/8/2013,d_984,,,,,1,0,1
984,10/9/2013,d_985,,,,,1,1,1
985,10/10/2013,d_986,,,,,1,0,0
986,10/11/2013,d_987,,,,,0,1,1
987,10/12/2013,d_988,,,,,0,1,1
988,10/13/2013,d_989,,,,,0,1,0
989,10/14/2013,d_990,ColumbusDay,National,,,0,0,1
990,10/15/2013,d_991,EidAlAdha,Religious,,,0,1,1
991,10/16/2013,d_992,,,,,0,0,0
992,10/17/2013,d_993,,,,,0,0,0
993,10/18/2013,d_994,,,,,0,0,0
994,10/19/2013,d_995,,,,,0,0,0
995,10/20/2013,d_996,,,,,0,0,0
996,10/21/2013,d_997,,,,,0,0,0
997,10/22/2013,d_998,,,,,0,0,0
998,10/23/2013,d_999,,,,,0,0,0
999,10/24/2013,d_1000,,,,,0,0,0
1000,10/25/2013,d_1001,,,,,0,0,0
1001,10/26/2013,d_1002,,,,,0,0,0
1002,10/27/2013,d_1003,,,,,0,0,0
1003,10/28/2013,d_1004,,,,,0,0,0
1004,10/29/2013,d_1005,,,,,0,0,0
1005,10/30/2013,d_1006,,,,,0,0,0
1006,10/31/2013,d_1007,Halloween,Cultural,,,0,0,0
1007,11/1/2013,d_1008,,,,,1,1,0
1008,11/2/2013,d_1009,,,,,1,0,1
1009,11/3/2013,d_1010,,,,,1,1,1
1010,11/4/2013,d_1011,,,,,1,0,0
1011,11/5/2013,d_1012,,,,,1,1,1
1012,11/6/2013,d_1013,,,,,1,1,1
1013,11/7/2013,d_1014,,,,,1,1,0
1014,11/8/2013,d_1015,,,,,1,0,1
1015,11/9/2013,d_1016,,,,,1,1,1
1016,11/10/2013,d_1017,,,,,1,0,0
1017,11/11/2013,d_1018,VeteransDay,National,,,0,1,1
1018,11/12/2013,d_1019,,,,,0,1,1
1019,11/13/2013,d_1020,,,,,0,1,0
1020,11/14/2013,d_1021,,,,,0,0,1
1021,11/15/2013,d_1022,,,,,0,1,1
1022,11/16/2013,d_1023,,,,,0,0,0
1023,11/17/2013,d_1024,,,,,0,0,0
1024,11/18/2013,d_1025,,,,,0,0,0
1025,11/19/2013,d_1026,,,,,0,0,0
1026,11/20/2013,d_1027,,,,,0,0,0
1027,11/21/2013,d_1028,,,,,0,0,0
1028,11/22/2013,d_1029,,,,,0,0,0
1029,11/23/2013,d_1030,,,,,0,0,0
1030,11/24/2013,d_1031,,,,,0,0,0
1031,11/25/2013,d_1032,,,,,0,0,0
1032,11/26/2013,d_1033,,,,,0,0,0
1033,11/27/2013,d_1034,,,,,0,0,0
1034,11/28/2013,d_1035,Thanksgiving,National,,,0,0,0
1035,11/29/2013,d_1036,,,,,0,0,0
1036,11/30/2013,d_1037,,,,,0,0,0
1037,12/1/2013,d_1038,,,,,1,1,0
1038,12/2/2013,d_1039,,,,,1,0,1
1039,12/3/2013,d_1040,,,,,1,1,1
1040,12/4/2013,d_1041,,,,,1,0,0
1041,12/5/2013,d_1042,Chanukah End,Religious,,,1,1,1
1042,12/6/2013,d_1043,,,,,1,1,1
1043,12/7/2013,d_1044,,,,,1,1,0
1044,12/8/2013,d_1045,,,,,1,0,1
1045,12/9/2013,d_1046,,,,,1,1,1
1046,12/10/2013,d_1047,,,,,1,0,0
1047,12/11/2013,d_1048,,,,,0,1,1
1048,12/12/2013,d_1049,,,,,0,1,1
1049,12/13/2013,d_1050,,,,,0,1,0
1050,12/14/2013,d_1051,,,,,0,0,1
1051,12/15/2013,d_1052,,,,,0,1,1
1052,12/16/2013,d_1053,,,,,0,0,0
1053,12/17/2013,d_1054,,,,,0,0,0
1054,12/18/2013,d_1055,,,,,0,0,0
1055,12/19/2013,d_1056,,,,,0,0,0
1056,12/20/2013,d_1057,,,,,0,0,0
1057,12/21/2013,d_1058,,,,,0,0,0
1058,12/22/2013,d_1059,,,,,0,0,0
1059,12/23/2013,d_1060,,,,,0,0,0
1060,12/24/2013,d_1061,,,,,0,0,0
1061,12/25/2013,d_1062,Christmas,National,,,0,0,0
1062,12/26/2013,d_1063,,,,,0,0,0
1063,12/27/2013,d_1064,,,,,0,0,0
1064,12/28/2013,d_1065,,,,,0,0,0
1065,12/29/2013,d_1066,,,,,0,0,0
1066,12/30/2013,d_1067,,,,,0,0,0
1067,12/31/2013,d_1068,,,,,0,0,0
1068,1/1/2014,d_1069,NewYear,National,,,1,1,0
1069,1/2/2014,d_1070,,,,,1,0,1
1070,1/3/2014,d_1071,,,,,1,1,1
1071,1/4/2014,d_1072,,,,,1,0,0
1072,1/5/2014,d_1073,,,,,1,1,1
1073,1/6/2014,d_1074,,,,,1,1,1
1074,1/7/2014,d_1075,OrthodoxChristmas,Religious,,,1,1,0
1075,1/8/2014,d_1076,,,,,1,0,1
1076,1/9/2014,d_1077,,,,,1,1,1
1077,1/10/2014,d_1078,,,,,1,0,0
1078,1/11/2014,d_1079,,,,,0,1,1
1079,1/12/2014,d_1080,,,,,0,1,1
1080,1/13/2014,d_1081,,,,,0,1,0
1081,1/14/2014,d_1082,,,,,0,0,1
1082,1/15/2014,d_1083,,,,,0,1,1
1083,1/16/2014,d_1084,,,,,0,0,0
1084,1/17/2014,d_1085,,,,,0,0,0
1085,1/18/2014,d_1086,,,,,0,0,0
1086,1/19/2014,d_1087,,,,,0,0,0
1087,1/20/2014,d_1088,MartinLutherKingDay,National,,,0,0,0
1088,1/21/2014,d_1089,,,,,0,0,0
1089,1/22/2014,d_1090,,,,,0,0,0
1090,1/23/2014,d_1091,,,,,0,0,0
1091,1/24/2014,d_1092,,,,,0,0,0
1092,1/25/2014,d_1093,,,,,0,0,0
1093,1/26/2014,d_1094,,,,,0,0,0
1094,1/27/2014,d_1095,,,,,0,0,0
1095,1/28/2014,d_1096,,,,,0,0,0
1096,1/29/2014,d_1097,,,,,0,0,0
1097,1/30/2014,d_1098,,,,,0,0,0
1098,1/31/2014,d_1099,,,,,0,0,0
1099,2/1/2014,d_1100,,,,,1,1,0
1100,2/2/2014,d_1101,SuperBowl,Sporting,,,1,0,1
1101,2/3/2014,d_1102,,,,,1,1,1
1102,2/4/2014,d_1103,,,,,1,0,0
1103,2/5/2014,d_1104,,,,,1,1,1
1104,2/6/2014,d_1105,,,,,1,1,1
1105,2/7/2014,d_1106,,,,,1,1,0
1106,2/8/2014,d_1107,,,,,1,0,1
1107,2/9/2014,d_1108,,,,,1,1,1
1108,2/10/2014,d_1109,,,,,1,0,0
1109,2/11/2014,d_1110,,,,,0,1,1
1110,2/12/2014,d_1111,,,,,0,1,1
1111,2/13/2014,d_1112,,,,,0,1,0
1112,2/14/2014,d_1113,ValentinesDay,Cultural,,,0,0,1
1113,2/15/2014,d_1114,,,,,0,1,1
1114,2/16/2014,d_1115,,,,,0,0,0
1115,2/17/2014,d_1116,PresidentsDay,National,,,0,0,0
1116,2/18/2014,d_1117,,,,,0,0,0
1117,2/19/2014,d_1118,,,,,0,0,0
1118,2/20/2014,d_1119,,,,,0,0,0
1119,2/21/2014,d_1120,,,,,0,0,0
1120,2/22/2014,d_1121,,,,,0,0,0
1121,2/23/2014,d_1122,,,,,0,0,0
1122,2/24/2014,d_1123,,,,,0,0,0
1123,2/25/2014,d_1124,,,,,0,0,0
1124,2/26/2014,d_1125,,,,,0,0,0
1125,2/27/2014,d_1126,,,,,0,0,0
1126,2/28/2014,d_1127,,,,,0,0,0
1127,3/1/2014,d_1128,,,,,1,1,0
1128,3/2/2014,d_1129,,,,,1,0,1
1129,3/3/2014,d_1130,,,,,1,1,1
1130,3/4/2014,d_1131,,,,,1,0,0
1131,3/5/2014,d_1132,LentStart,Religious,,,1,1,1
1132,3/6/2014,d_1133,,,,,1,1,1
1133,3/7/2014,d_1134,,,,,1,1,0
1134,3/8/2014,d_1135,,,,,1,0,1
1135,3/9/2014,d_1136,,,,,1,1,1
1136,3/10/2014,d_1137,,,,,1,0,0
1137,3/11/2014,d_1138,,,,,0,1,1
1138,3/12/2014,d_1139,LentWeek2,Religious,,,0,1,1
1139,3/13/2014,d_1140,,,,,0,1,0
1140,3/14/2014,d_1141,,,,,0,0,1
1141,3/15/2014,d_1142,,,,,0,1,1
1142,3/16/2014,d_1143,Purim End,Religious,,,0,0,0
1143,3/17/2014,d_1144,StPatricksDay,Cultural,,,0,0,0
1144,3/18/2014,d_1145,,,,,0,0,0
1145,3/19/2014,d_1146,,,,,0,0,0
1146,3/20/2014,d_1147,,,,,0,0,0
1147,3/21/2014,d_1148,,,,,0,0,0
1148,3/22/2014,d_1149,,,,,0,0,0
1149,3/23/2014,d_1150,,,,,0,0,0
1150,3/24/2014,d_1151,,,,,0,0,0
1151,3/25/2014,d_1152,,,,,0,0,0
1152,3/26/2014,d_1153,,,,,0,0,0
1153,3/27/2014,d_1154,,,,,0,0,0
1154,3/28/2014,d_1155,,,,,0,0,0
1155,3/29/2014,d_1156,,,,,0,0,0
1156,3/30/2014,d_1157,,,,,0,0,0
1157,3/31/2014,d_1158,,,,,0,0,0
1158,4/1/2014,d_1159,,,,,1,1,0
1159,4/2/2014,d_1160,,,,,1,0,1
1160,4/3/2014,d_1161,,,,,1,1,1
1161,4/4/2014,d_1162,,,,,1,0,0
1162,4/5/2014,d_1163,,,,,1,1,1
1163,4/6/2014,d_1164,,,,,1,1,1
1164,4/7/2014,d_1165,,,,,1,1,0
1165,4/8/2014,d_1166,,,,,1,0,1
1166,4/9/2014,d_1167,,,,,1,1,1
1167,4/10/2014,d_1168,,,,,1,0,0
1168,4/11/2014,d_1169,,,,,0,1,1
1169,4/12/2014,d_1170,,,,,0,1,1
1170,4/13/2014,d_1171,,,,,0,1,0
1171,4/14/2014,d_1172,,,,,0,0,1
1172,4/15/2014,d_1173,,,,,0,1,1
1173,4/16/2014,d_1174,,,,,0,0,0
1174,4/17/2014,d_1175,,,,,0,0,0
1175,4/18/2014,d_1176,,,,,0,0,0
1176,4/19/2014,d_1177,,,,,0,0,0
1177,4/20/2014,d_1178,Easter,Cultural,OrthodoxEaster,Religious,0,0,0
1178,4/21/2014,d_1179,,,,,0,0,0
1179,4/22/2014,d_1180,Pesach End,Religious,,,0,0,0
1180,4/23/2014,d_1181,,,,,0,0,0
1181,4/24/2014,d_1182,,,,,0,0,0
1182,4/25/2014,d_1183,,,,,0,0,0
1183,4/26/2014,d_1184,,,,,0,0,0
1184,4/27/2014,d_1185,,,,,0,0,0
1185,4/28/2014,d_1186,,,,,0,0,0
1186,4/29/2014,d_1187,,,,,0,0,0
1187,4/30/2014,d_1188,,,,,0,0,0
1188,5/1/2014,d_1189,,,,,1,1,0
1189,5/2/2014,d_1190,,,,,1,0,1
1190,5/3/2014,d_1191,,,,,1,1,1
1191,5/4/2014,d_1192,,,,,1,0,0
1192,5/5/2014,d_1193,Cinco De Mayo,Cultural,,,1,1,1
1193,5/6/2014,d_1194,,,,,1,1,1
1194,5/7/2014,d_1195,,,,,1,1,0
1195,5/8/2014,d_1196,,,,,1,0,1
1196,5/9/2014,d_1197,,,,,1,1,1
1197,5/10/2014,d_1198,,,,,1,0,0
1198,5/11/2014,d_1199,Mother's day,Cultural,,,0,1,1
1199,5/12/2014,d_1200,,,,,0,1,1
1200,5/13/2014,d_1201,,,,,0,1,0
1201,5/14/2014,d_1202,,,,,0,0,1
1202,5/15/2014,d_1203,,,,,0,1,1
1203,5/16/2014,d_1204,,,,,0,0,0
1204,5/17/2014,d_1205,,,,,0,0,0
1205,5/18/2014,d_1206,,,,,0,0,0
1206,5/19/2014,d_1207,,,,,0,0,0
1207,5/20/2014,d_1208,,,,,0,0,0
1208,5/21/2014,d_1209,,,,,0,0,0
1209,5/22/2014,d_1210,,,,,0,0,0
1210,5/23/2014,d_1211,,,,,0,0,0
1211,5/24/2014,d_1212,,,,,0,0,0
1212,5/25/2014,d_1213,,,,,0,0,0
1213,5/26/2014,d_1214,MemorialDay,National,,,0,0,0
1214,5/27/2014,d_1215,,,,,0,0,0
1215,5/28/2014,d_1216,,,,,0,0,0
1216,5/29/2014,d_1217,,,,,0,0,0
1217,5/30/2014,d_1218,,,,,0,0,0
1218,5/31/2014,d_1219,,,,,0,0,0
1219,6/1/2014,d_1220,,,,,1,1,0
1220,6/2/2014,d_1221,,,,,1,0,1
1221,6/3/2014,d_1222,,,,,1,1,1
1222,6/4/2014,d_1223,,,,,1,0,0
1223,6/5/2014,d_1224,NBAFinalsStart,Sporting,,,1,1,1
1224,6/6/2014,d_1225,,,,,1,1,1
1225,6/7/2014,d_1226,,,,,1,1,0
1226,6/8/2014,d_1227,,,,,1,0,1
1227,6/9/2014,d_1228,,,,,1,1,1
1228,6/10/2014,d_1229,,,,,1,0,0
1229,6/11/2014,d_1230,,,,,0,1,1
1230,6/12/2014,d_1231,,,,,0,1,1
1231,6/13/2014,d_1232,,,,,0,1,0
1232,6/14/2014,d_1233,,,,,0,0,1
1233,6/15/2014,d_1234,NBAFinalsEnd,Sporting,Father's day,Cultural,0,1,1
1234,6/16/2014,d_1235,,,,,0,0,0
1235,6/17/2014,d_1236,,,,,0,0,0
1236,6/18/2014,d_1237,,,,,0,0,0
1237,6/19/2014,d_1238,,,,,0,0,0
1238,6/20/2014,d_1239,,,,,0,0,0
1239,6/21/2014,d_1240,,,,,0,0,0
1240,6/22/2014,d_1241,,,,,0,0,0
1241,6/23/2014,d_1242,,,,,0,0,0
1242,6/24/2014,d_1243,,,,,0,0,0
1243,6/25/2014,d_1244,,,,,0,0,0
1244,6/26/2014,d_1245,,,,,0,0,0
1245,6/27/2014,d_1246,,,,,0,0,0
1246,6/28/2014,d_1247,,,,,0,0,0
1247,6/29/2014,d_1248,Ramadan starts,Religious,,,0,0,0
1248,6/30/2014,d_1249,,,,,0,0,0
1249,7/1/2014,d_1250,,,,,1,1,0
1250,7/2/2014,d_1251,,,,,1,0,1
1251,7/3/2014,d_1252,,,,,1,1,1
1252,7/4/2014,d_1253,IndependenceDay,National,,,1,0,0
1253,7/5/2014,d_1254,,,,,1,1,1
1254,7/6/2014,d_1255,,,,,1,1,1
1255,7/7/2014,d_1256,,,,,1,1,0
1256,7/8/2014,d_1257,,,,,1,0,1
1257,7/9/2014,d_1258,,,,,1,1,1
1258,7/10/2014,d_1259,,,,,1,0,0
1259,7/11/2014,d_1260,,,,,0,1,1
1260,7/12/2014,d_1261,,,,,0,1,1
1261,7/13/2014,d_1262,,,,,0,1,0
1262,7/14/2014,d_1263,,,,,0,0,1
1263,7/15/2014,d_1264,,,,,0,1,1
1264,7/16/2014,d_1265,,,,,0,0,0
1265,7/17/2014,d_1266,,,,,0,0,0
1266,7/18/2014,d_1267,,,,,0,0,0
1267,7/19/2014,d_1268,,,,,0,0,0
1268,7/20/2014,d_1269,,,,,0,0,0
1269,7/21/2014,d_1270,,,,,0,0,0
1270,7/22/2014,d_1271,,,,,0,0,0
1271,7/23/2014,d_1272,,,,,0,0,0
1272,7/24/2014,d_1273,,,,,0,0,0
1273,7/25/2014,d_1274,,,,,0,0,0
1274,7/26/2014,d_1275,,,,,0,0,0
1275,7/27/2014,d_1276,,,,,0,0,0
1276,7/28/2014,d_1277,,,,,0,0,0
1277,7/29/2014,d_1278,Eid al-Fitr,Religious,,,0,0,0
1278,7/30/2014,d_1279,,,,,0,0,0
1279,7/31/2014,d_1280,,,,,0,0,0
1280,8/1/2014,d_1281,,,,,1,1,0
1281,8/2/2014,d_1282,,,,,1,0,1
1282,8/3/2014,d_1283,,,,,1,1,1
1283,8/4/2014,d_1284,,,,,1,0,0
1284,8/5/2014,d_1285,,,,,1,1,1
1285,8/6/2014,d_1286,,,,,1,1,1
1286,8/7/2014,d_1287,,,,,1,1,0
1287,8/8/2014,d_1288,,,,,1,0,1
1288,8/9/2014,d_1289,,,,,1,1,1
1289,8/10/2014,d_1290,,,,,1,0,0
1290,8/11/2014,d_1291,,,,,0,1,1
1291,8/12/2014,d_1292,,,,,0,1,1
1292,8/13/2014,d_1293,,,,,0,1,0
1293,8/14/2014,d_1294,,,,,0,0,1
1294,8/15/2014,d_1295,,,,,0,1,1
1295,8/16/2014,d_1296,,,,,0,0,0
1296,8/17/2014,d_1297,,,,,0,0,0
1297,8/18/2014,d_1298,,,,,0,0,0
1298,8/19/2014,d_1299,,,,,0,0,0
1299,8/20/2014,d_1300,,,,,0,0,0
1300,8/21/2014,d_1301,,,,,0,0,0
1301,8/22/2014,d_1302,,,,,0,0,0
1302,8/23/2014,d_1303,,,,,0,0,0
1303,8/24/2014,d_1304,,,,,0,0,0
1304,8/25/2014,d_1305,,,,,0,0,0
1305,8/26/2014,d_1306,,,,,0,0,0
1306,8/27/2014,d_1307,,,,,0,0,0
1307,8/28/2014,d_1308,,,,,0,0,0
1308,8/29/2014,d_1309,,,,,0,0,0
1309,8/30/2014,d_1310,,,,,0,0,0
1310,8/31/2014,d_1311,,,,,0,0,0
1311,9/1/2014,d_1312,LaborDay,National,,,1,1,0
1312,9/2/2014,d_1313,,,,,1,0,1
1313,9/3/2014,d_1314,,,,,1,1,1
1314,9/4/2014,d_1315,,,,,1,0,0
1315,9/5/2014,d_1316,,,,,1,1,1
1316,9/6/2014,d_1317,,,,,1,1,1
1317,9/7/2014,d_1318,,,,,1,1,0
1318,9/8/2014,d_1319,,,,,1,0,1
1319,9/9/2014,d_1320,,,,,1,1,1
1320,9/10/2014,d_1321,,,,,1,0,0
1321,9/11/2014,d_1322,,,,,0,1,1
1322,9/12/2014,d_1323,,,,,0,1,1
1323,9/13/2014,d_1324,,,,,0,1,0
1324,9/14/2014,d_1325,,,,,0,0,1
1325,9/15/2014,d_1326,,,,,0,1,1
1326,9/16/2014,d_1327,,,,,0,0,0
1327,9/17/2014,d_1328,,,,,0,0,0
1328,9/18/2014,d_1329,,,,,0,0,0
1329,9/19/2014,d_1330,,,,,0,0,0
1330,9/20/2014,d_1331,,,,,0,0,0
1331,9/21/2014,d_1332,,,,,0,0,0
1332,9/22/2014,d_1333,,,,,0,0,0
1333,9/23/2014,d_1334,,,,,0,0,0
1334,9/24/2014,d_1335,,,,,0,0,0
1335,9/25/2014,d_1336,,,,,0,0,0
1336,9/26/2014,d_1337,,,,,0,0,0
1337,9/27/2014,d_1338,,,,,0,0,0
1338,9/28/2014,d_1339,,,,,0,0,0
1339,9/29/2014,d_1340,,,,,0,0,0
1340,9/30/2014,d_1341,,,,,0,0,0
1341,10/1/2014,d_1342,,,,,1,1,0
1342,10/2/2014,d_1343,,,,,1,0,1
1343,10/3/2014,d_1344,,,,,1,1,1
1344,10/4/2014,d_1345,EidAlAdha,Religious,,,1,0,0
1345,10/5/2014,d_1346,,,,,1,1,1
1346,10/6/2014,d_1347,,,,,1,1,1
1347,10/7/2014,d_1348,,,,,1,1,0
1348,10/8/2014,d_1349,,,,,1,0,1
1349,10/9/2014,d_1350,,,,,1,1,1
1350,10/10/2014,d_1351,,,,,1,0,0
1351,10/11/2014,d_1352,,,,,0,1,1
1352,10/12/2014,d_1353,,,,,0,1,1
1353,10/13/2014,d_1354,ColumbusDay,National,,,0,1,0
1354,10/14/2014,d_1355,,,,,0,0,1
1355,10/15/2014,d_1356,,,,,0,1,1
1356,10/16/2014,d_1357,,,,,0,0,0
1357,10/17/2014,d_1358,,,,,0,0,0
1358,10/18/2014,d_1359,,,,,0,0,0
1359,10/19/2014,d_1360,,,,,0,0,0
1360,10/20/2014,d_1361,,,,,0,0,0
1361,10/21/2014,d_1362,,,,,0,0,0
1362,10/22/2014,d_1363,,,,,0,0,0
1363,10/23/2014,d_1364,,,,,0,0,0
1364,10/24/2014,d_1365,,,,,0,0,0
1365,10/25/2014,d_1366,,,,,0,0,0
1366,10/26/2014,d_1367,,,,,0,0,0
1367,10/27/2014,d_1368,,,,,0,0,0
1368,10/28/2014,d_1369,,,,,0,0,0
1369,10/29/2014,d_1370,,,,,0,0,0
1370,10/30/2014,d_1371,,,,,0,0,0
1371,10/31/2014,d_1372,Halloween,Cultural,,,0,0,0
1372,11/1/2014,d_1373,,,,,1,1,0
1373,11/2/2014,d_1374,,,,,1,0,1
1374,11/3/2014,d_1375,,,,,1,1,1
1375,11/4/2014,d_1376,,,,,1,0,0
1376,11/5/2014,d_1377,,,,,1,1,1
1377,11/6/2014,d_1378,,,,,1,1,1
1378,11/7/2014,d_1379,,,,,1,1,0
1379,11/8/2014,d_1380,,,,,1,0,1
1380,11/9/2014,d_1381,,,,,1,1,1
1381,11/10/2014,d_1382,,,,,1,0,0
1382,11/11/2014,d_1383,VeteransDay,National,,,0,1,1
1383,11/12/2014,d_1384,,,,,0,1,1
1384,11/13/2014,d_1385,,,,,0,1,0
1385,11/14/2014,d_1386,,,,,0,0,1
1386,11/15/2014,d_1387,,,,,0,1,1
1387,11/16/2014,d_1388,,,,,0,0,0
1388,11/17/2014,d_1389,,,,,0,0,0
1389,11/18/2014,d_1390,,,,,0,0,0
1390,11/19/2014,d_1391,,,,,0,0,0
1391,11/20/2014,d_1392,,,,,0,0,0
1392,11/21/2014,d_1393,,,,,0,0,0
1393,11/22/2014,d_1394,,,,,0,0,0
1394,11/23/2014,d_1395,,,,,0,0,0
1395,11/24/2014,d_1396,,,,,0,0,0
1396,11/25/2014,d_1397,,,,,0,0,0
1397,11/26/2014,d_1398,,,,,0,0,0
1398,11/27/2014,d_1399,Thanksgiving,National,,,0,0,0
1399,11/28/2014,d_1400,,,,,0,0,0
1400,11/29/2014,d_1401,,,,,0,0,0
1401,11/30/2014,d_1402,,,,,0,0,0
1402,12/1/2014,d_1403,,,,,1,1,0
1403,12/2/2014,d_1404,,,,,1,0,1
1404,12/3/2014,d_1405,,,,,1,1,1
1405,12/4/2014,d_1406,,,,,1,0,0
1406,12/5/2014,d_1407,,,,,1,1,1
1407,12/6/2014,d_1408,,,,,1,1,1
1408,12/7/2014,d_1409,,,,,1,1,0
1409,12/8/2014,d_1410,,,,,1,0,1
1410,12/9/2014,d_1411,,,,,1,1,1
1411,12/10/2014,d_1412,,,,,1,0,0
1412,12/11/2014,d_1413,,,,,0,1,1
1413,12/12/2014,d_1414,,,,,0,1,1
1414,12/13/2014,d_1415,,,,,0,1,0
1415,12/14/2014,d_1416,,,,,0,0,1
1416,12/15/2014,d_1417,,,,,0,1,1
1417,12/16/2014,d_1418,,,,,0,0,0
1418,12/17/2014,d_1419,,,,,0,0,0
1419,12/18/2014,d_1420,,,,,0,0,0
1420,12/19/2014,d_1421,,,,,0,0,0
1421,12/20/2014,d_1422,,,,,0,0,0
1422,12/21/2014,d_1423,,,,,0,0,0
1423,12/22/2014,d_1424,,,,,0,0,0
1424,12/23/2014,d_1425,,,,,0,0,0
1425,12/24/2014,d_1426,Chanukah End,Religious,,,0,0,0
1426,12/25/2014,d_1427,Christmas,National,,,0,0,0
1427,12/26/2014,d_1428,,,,,0,0,0
1428,12/27/2014,d_1429,,,,,0,0,0
1429,12/28/2014,d_1430,,,,,0,0,0
1430,12/29/2014,d_1431,,,,,0,0,0
1431,12/30/2014,d_1432,,,,,0,0,0
1432,12/31/2014,d_1433,,,,,0,0,0
1433,1/1/2015,d_1434,NewYear,National,,,1,1,0
1434,1/2/2015,d_1435,,,,,1,0,1
1435,1/3/2015,d_1436,,,,,1,1,1
1436,1/4/2015,d_1437,,,,,1,0,0
1437,1/5/2015,d_1438,,,,,1,1,1
1438,1/6/2015,d_1439,,,,,1,1,1
1439,1/7/2015,d_1440,OrthodoxChristmas,Religious,,,1,1,0
1440,1/8/2015,d_1441,,,,,1,0,1
1441,1/9/2015,d_1442,,,,,1,1,1
1442,1/10/2015,d_1443,,,,,1,0,0
1443,1/11/2015,d_1444,,,,,0,1,1
1444,1/12/2015,d_1445,,,,,0,1,1
1445,1/13/2015,d_1446,,,,,0,1,0
1446,1/14/2015,d_1447,,,,,0,0,1
1447,1/15/2015,d_1448,,,,,0,1,1
1448,1/16/2015,d_1449,,,,,0,0,0
1449,1/17/2015,d_1450,,,,,0,0,0
1450,1/18/2015,d_1451,,,,,0,0,0
1451,1/19/2015,d_1452,MartinLutherKingDay,National,,,0,0,0
1452,1/20/2015,d_1453,,,,,0,0,0
1453,1/21/2015,d_1454,,,,,0,0,0
1454,1/22/2015,d_1455,,,,,0,0,0
1455,1/23/2015,d_1456,,,,,0,0,0
1456,1/24/2015,d_1457,,,,,0,0,0
1457,1/25/2015,d_1458,,,,,0,0,0
1458,1/26/2015,d_1459,,,,,0,0,0
1459,1/27/2015,d_1460,,,,,0,0,0
1460,1/28/2015,d_1461,,,,,0,0,0
1461,1/29/2015,d_1462,,,,,0,0,0
1462,1/30/2015,d_1463,,,,,0,0,0
1463,1/31/2015,d_1464,,,,,0,0,0
1464,2/1/2015,d_1465,SuperBowl,Sporting,,,1,1,0
1465,2/2/2015,d_1466,,,,,1,0,1
1466,2/3/2015,d_1467,,,,,1,1,1
1467,2/4/2015,d_1468,,,,,1,0,0
1468,2/5/2015,d_1469,,,,,1,1,1
1469,2/6/2015,d_1470,,,,,1,1,1
1470,2/7/2015,d_1471,,,,,1,1,0
1471,2/8/2015,d_1472,,,,,1,0,1
1472,2/9/2015,d_1473,,,,,1,1,1
1473,2/10/2015,d_1474,,,,,1,0,0
1474,2/11/2015,d_1475,,,,,0,1,1
1475,2/12/2015,d_1476,,,,,0,1,1
1476,2/13/2015,d_1477,,,,,0,1,0
1477,2/14/2015,d_1478,ValentinesDay,Cultural,,,0,0,1
1478,2/15/2015,d_1479,,,,,0,1,1
1479,2/16/2015,d_1480,PresidentsDay,National,,,0,0,0
1480,2/17/2015,d_1481,,,,,0,0,0
1481,2/18/2015,d_1482,LentStart,Religious,,,0,0,0
1482,2/19/2015,d_1483,,,,,0,0,0
1483,2/20/2015,d_1484,,,,,0,0,0
1484,2/21/2015,d_1485,,,,,0,0,0
1485,2/22/2015,d_1486,,,,,0,0,0
1486,2/23/2015,d_1487,,,,,0,0,0
1487,2/24/2015,d_1488,,,,,0,0,0
1488,2/25/2015,d_1489,LentWeek2,Religious,,,0,0,0
1489,2/26/2015,d_1490,,,,,0,0,0
1490,2/27/2015,d_1491,,,,,0,0,0
1491,2/28/2015,d_1492,,,,,0,0,0
1492,3/1/2015,d_1493,,,,,1,1,0
1493,3/2/2015,d_1494,,,,,1,0,1
1494,3/3/2015,d_1495,,,,,1,1,1
1495,3/4/2015,d_1496,,,,,1,0,0
1496,3/5/2015,d_1497,Purim End,Religious,,,1,1,1
1497,3/6/2015,d_1498,,,,,1,1,1
1498,3/7/2015,d_1499,,,,,1,1,0
1499,3/8/2015,d_1500,,,,,1,0,1
1500,3/9/2015,d_1501,,,,,1,1,1
1501,3/10/2015,d_1502,,,,,1,0,0
1502,3/11/2015,d_1503,,,,,0,1,1
1503,3/12/2015,d_1504,,,,,0,1,1
1504,3/13/2015,d_1505,,,,,0,1,0
1505,3/14/2015,d_1506,,,,,0,0,1
1506,3/15/2015,d_1507,,,,,0,1,1
1507,3/16/2015,d_1508,,,,,0,0,0
1508,3/17/2015,d_1509,StPatricksDay,Cultural,,,0,0,0
1509,3/18/2015,d_1510,,,,,0,0,0
1510,3/19/2015,d_1511,,,,,0,0,0
1511,3/20/2015,d_1512,,,,,0,0,0
1512,3/21/2015,d_1513,,,,,0,0,0
1513,3/22/2015,d_1514,,,,,0,0,0
1514,3/23/2015,d_1515,,,,,0,0,0
1515,3/24/2015,d_1516,,,,,0,0,0
1516,3/25/2015,d_1517,,,,,0,0,0
1517,3/26/2015,d_1518,,,,,0,0,0
1518,3/27/2015,d_1519,,,,,0,0,0
1519,3/28/2015,d_1520,,,,,0,0,0
1520,3/29/2015,d_1521,,,,,0,0,0
1521,3/30/2015,d_1522,,,,,0,0,0
1522,3/31/2015,d_1523,,,,,0,0,0
1523,4/1/2015,d_1524,,,,,1,1,0
1524,4/2/2015,d_1525,,,,,1,0,1
1525,4/3/2015,d_1526,,,,,1,1,1
1526,4/4/2015,d_1527,,,,,1,0,0
1527,4/5/2015,d_1528,Easter,Cultural,,,1,1,1
1528,4/6/2015,d_1529,,,,,1,1,1
1529,4/7/2015,d_1530,,,,,1,1,0
1530,4/8/2015,d_1531,,,,,1,0,1
1531,4/9/2015,d_1532,,,,,1,1,1
1532,4/10/2015,d_1533,,,,,1,0,0
1533,4/11/2015,d_1534,Pesach End,Religious,,,0,1,1
1534,4/12/2015,d_1535,OrthodoxEaster,Religious,,,0,1,1
1535,4/13/2015,d_1536,,,,,0,1,0
1536,4/14/2015,d_1537,,,,,0,0,1
1537,4/15/2015,d_1538,,,,,0,1,1
1538,4/16/2015,d_1539,,,,,0,0,0
1539,4/17/2015,d_1540,,,,,0,0,0
1540,4/18/2015,d_1541,,,,,0,0,0
1541,4/19/2015,d_1542,,,,,0,0,0
1542,4/20/2015,d_1543,,,,,0,0,0
1543,4/21/2015,d_1544,,,,,0,0,0
1544,4/22/2015,d_1545,,,,,0,0,0
1545,4/23/2015,d_1546,,,,,0,0,0
1546,4/24/2015,d_1547,,,,,0,0,0
1547,4/25/2015,d_1548,,,,,0,0,0
1548,4/26/2015,d_1549,,,,,0,0,0
1549,4/27/2015,d_1550,,,,,0,0,0
1550,4/28/2015,d_1551,,,,,0,0,0
1551,4/29/2015,d_1552,,,,,0,0,0
1552,4/30/2015,d_1553,,,,,0,0,0
1553,5/1/2015,d_1554,,,,,1,1,0
1554,5/2/2015,d_1555,,,,,1,0,1
1555,5/3/2015,d_1556,,,,,1,1,1
1556,5/4/2015,d_1557,,,,,1,0,0
1557,5/5/2015,d_1558,Cinco De Mayo,Cultural,,,1,1,1
1558,5/6/2015,d_1559,,,,,1,1,1
1559,5/7/2015,d_1560,,,,,1,1,0
1560,5/8/2015,d_1561,,,,,1,0,1
1561,5/9/2015,d_1562,,,,,1,1,1
1562,5/10/2015,d_1563,Mother's day,Cultural,,,1,0,0
1563,5/11/2015,d_1564,,,,,0,1,1
1564,5/12/2015,d_1565,,,,,0,1,1
1565,5/13/2015,d_1566,,,,,0,1,0
1566,5/14/2015,d_1567,,,,,0,0,1
1567,5/15/2015,d_1568,,,,,0,1,1
1568,5/16/2015,d_1569,,,,,0,0,0
1569,5/17/2015,d_1570,,,,,0,0,0
1570,5/18/2015,d_1571,,,,,0,0,0
1571,5/19/2015,d_1572,,,,,0,0,0
1572,5/20/2015,d_1573,,,,,0,0,0
1573,5/21/2015,d_1574,,,,,0,0,0
1574,5/22/2015,d_1575,,,,,0,0,0
1575,5/23/2015,d_1576,,,,,0,0,0
1576,5/24/2015,d_1577,,,,,0,0,0
1577,5/25/2015,d_1578,MemorialDay,National,,,0,0,0
1578,5/26/2015,d_1579,,,,,0,0,0
1579,5/27/2015,d_1580,,,,,0,0,0
1580,5/28/2015,d_1581,,,,,0,0,0
1581,5/29/2015,d_1582,,,,,0,0,0
1582,5/30/2015,d_1583,,,,,0,0,0
1583,5/31/2015,d_1584,,,,,0,0,0
1584,6/1/2015,d_1585,,,,,1,1,0
1585,6/2/2015,d_1586,,,,,1,0,1
1586,6/3/2015,d_1587,,,,,1,1,1
1587,6/4/2015,d_1588,NBAFinalsStart,Sporting,,,1,0,0
1588,6/5/2015,d_1589,,,,,1,1,1
1589,6/6/2015,d_1590,,,,,1,1,1
1590,6/7/2015,d_1591,,,,,1,1,0
1591,6/8/2015,d_1592,,,,,1,0,1
1592,6/9/2015,d_1593,,,,,1,1,1
1593,6/10/2015,d_1594,,,,,1,0,0
1594,6/11/2015,d_1595,,,,,0,1,1
1595,6/12/2015,d_1596,,,,,0,1,1
1596,6/13/2015,d_1597,,,,,0,1,0
1597,6/14/2015,d_1598,,,,,0,0,1
1598,6/15/2015,d_1599,,,,,0,1,1
1599,6/16/2015,d_1600,NBAFinalsEnd,Sporting,,,0,0,0
1600,6/17/2015,d_1601,,,,,0,0,0
1601,6/18/2015,d_1602,Ramadan starts,Religious,,,0,0,0
1602,6/19/2015,d_1603,,,,,0,0,0
1603,6/20/2015,d_1604,,,,,0,0,0
1604,6/21/2015,d_1605,Father's day,Cultural,,,0,0,0
1605,6/22/2015,d_1606,,,,,0,0,0
1606,6/23/2015,d_1607,,,,,0,0,0
1607,6/24/2015,d_1608,,,,,0,0,0
1608,6/25/2015,d_1609,,,,,0,0,0
1609,6/26/2015,d_1610,,,,,0,0,0
1610,6/27/2015,d_1611,,,,,0,0,0
1611,6/28/2015,d_1612,,,,,0,0,0
1612,6/29/2015,d_1613,,,,,0,0,0
1613,6/30/2015,d_1614,,,,,0,0,0
1614,7/1/2015,d_1615,,,,,1,1,0
1615,7/2/2015,d_1616,,,,,1,0,1
1616,7/3/2015,d_1617,,,,,1,1,1
1617,7/4/2015,d_1618,IndependenceDay,National,,,1,0,0
1618,7/5/2015,d_1619,,,,,1,1,1
1619,7/6/2015,d_1620,,,,,1,1,1
1620,7/7/2015,d_1621,,,,,1,1,0
1621,7/8/2015,d_1622,,,,,1,0,1
1622,7/9/2015,d_1623,,,,,1,1,1
1623,7/10/2015,d_1624,,,,,1,0,0
1624,7/11/2015,d_1625,,,,,0,1,1
1625,7/12/2015,d_1626,,,,,0,1,1
1626,7/13/2015,d_1627,,,,,0,1,0
1627,7/14/2015,d_1628,,,,,0,0,1
1628,7/15/2015,d_1629,,,,,0,1,1
1629,7/16/2015,d_1630,,,,,0,0,0
1630,7/17/2015,d_1631,,,,,0,0,0
1631,7/18/2015,d_1632,Eid al-Fitr,Religious,,,0,0,0
1632,7/19/2015,d_1633,,,,,0,0,0
1633,7/20/2015,d_1634,,,,,0,0,0
1634,7/21/2015,d_1635,,,,,0,0,0
1635,7/22/2015,d_1636,,,,,0,0,0
1636,7/23/2015,d_1637,,,,,0,0,0
1637,7/24/2015,d_1638,,,,,0,0,0
1638,7/25/2015,d_1639,,,,,0,0,0
1639,7/26/2015,d_1640,,,,,0,0,0
1640,7/27/2015,d_1641,,,,,0,0,0
1641,7/28/2015,d_1642,,,,,0,0,0
1642,7/29/2015,d_1643,,,,,0,0,0
1643,7/30/2015,d_1644,,,,,0,0,0
1644,7/31/2015,d_1645,,,,,0,0,0
1645,8/1/2015,d_1646,,,,,1,1,0
1646,8/2/2015,d_1647,,,,,1,0,1
1647,8/3/2015,d_1648,,,,,1,1,1
1648,8/4/2015,d_1649,,,,,1,0,0
1649,8/5/2015,d_1650,,,,,1,1,1
1650,8/6/2015,d_1651,,,,,1,1,1
1651,8/7/2015,d_1652,,,,,1,1,0
1652,8/8/2015,d_1653,,,,,1,0,1
1653,8/9/2015,d_1654,,,,,1,1,1
1654,8/10/2015,d_1655,,,,,1,0,0
1655,8/11/2015,d_1656,,,,,0,1,1
1656,8/12/2015,d_1657,,,,,0,1,1
1657,8/13/2015,d_1658,,,,,0,1,0
1658,8/14/2015,d_1659,,,,,0,0,1
1659,8/15/2015,d_1660,,,,,0,1,1
1660,8/16/2015,d_1661,,,,,0,0,0
1661,8/17/2015,d_1662,,,,,0,0,0
1662,8/18/2015,d_1663,,,,,0,0,0
1663,8/19/2015,d_1664,,,,,0,0,0
1664,8/20/2015,d_1665,,,,,0,0,0
1665,8/21/2015,d_1666,,,,,0,0,0
1666,8/22/2015,d_1667,,,,,0,0,0
1667,8/23/2015,d_1668,,,,,0,0,0
1668,8/24/2015,d_1669,,,,,0,0,0
1669,8/25/2015,d_1670,,,,,0,0,0
1670,8/26/2015,d_1671,,,,,0,0,0
1671,8/27/2015,d_1672,,,,,0,0,0
1672,8/28/2015,d_1673,,,,,0,0,0
1673,8/29/2015,d_1674,,,,,0,0,0
1674,8/30/2015,d_1675,,,,,0,0,0
1675,8/31/2015,d_1676,,,,,0,0,0
1676,9/1/2015,d_1677,,,,,1,1,0
1677,9/2/2015,d_1678,,,,,1,0,1
1678,9/3/2015,d_1679,,,,,1,1,1
1679,9/4/2015,d_1680,,,,,1,0,0
1680,9/5/2015,d_1681,,,,,1,1,1
1681,9/6/2015,d_1682,,,,,1,1,1
1682,9/7/2015,d_1683,LaborDay,National,,,1,1,0
1683,9/8/2015,d_1684,,,,,1,0,1
1684,9/9/2015,d_1685,,,,,1,1,1
1685,9/10/2015,d_1686,,,,,1,0,0
1686,9/11/2015,d_1687,,,,,0,1,1
1687,9/12/2015,d_1688,,,,,0,1,1
1688,9/13/2015,d_1689,,,,,0,1,0
1689,9/14/2015,d_1690,,,,,0,0,1
1690,9/15/2015,d_1691,,,,,0,1,1
1691,9/16/2015,d_1692,,,,,0,0,0
1692,9/17/2015,d_1693,,,,,0,0,0
1693,9/18/2015,d_1694,,,,,0,0,0
1694,9/19/2015,d_1695,,,,,0,0,0
1695,9/20/2015,d_1696,,,,,0,0,0
1696,9/21/2015,d_1697,,,,,0,0,0
1697,9/22/2015,d_1698,,,,,0,0,0
1698,9/23/2015,d_1699,,,,,0,0,0
1699,9/24/2015,d_1700,EidAlAdha,Religious,,,0,0,0
1700,9/25/2015,d_1701,,,,,0,0,0
1701,9/26/2015,d_1702,,,,,0,0,0
1702,9/27/2015,d_1703,,,,,0,0,0
1703,9/28/2015,d_1704,,,,,0,0,0
1704,9/29/2015,d_1705,,,,,0,0,0
1705,9/30/2015,d_1706,,,,,0,0,0
1706,10/1/2015,d_1707,,,,,1,1,0
1707,10/2/2015,d_1708,,,,,1,0,1
1708,10/3/2015,d_1709,,,,,1,1,1
1709,10/4/2015,d_1710,,,,,1,0,0
1710,10/5/2015,d_1711,,,,,1,1,1
1711,10/6/2015,d_1712,,,,,1,1,1
1712,10/7/2015,d_1713,,,,,1,1,0
1713,10/8/2015,d_1714,,,,,1,0,1
1714,10/9/2015,d_1715,,,,,1,1,1
1715,10/10/2015,d_1716,,,,,1,0,0
1716,10/11/2015,d_1717,,,,,0,1,1
1717,10/12/2015,d_1718,ColumbusDay,National,,,0,1,1
1718,10/13/2015,d_1719,,,,,0,1,0
1719,10/14/2015,d_1720,,,,,0,0,1
1720,10/15/2015,d_1721,,,,,0,1,1
1721,10/16/2015,d_1722,,,,,0,0,0
1722,10/17/2015,d_1723,,,,,0,0,0
1723,10/18/2015,d_1724,,,,,0,0,0
1724,10/19/2015,d_1725,,,,,0,0,0
1725,10/20/2015,d_1726,,,,,0,0,0
1726,10/21/2015,d_1727,,,,,0,0,0
1727,10/22/2015,d_1728,,,,,0,0,0
1728,10/23/2015,d_1729,,,,,0,0,0
1729,10/24/2015,d_1730,,,,,0,0,0
1730,10/25/2015,d_1731,,,,,0,0,0
1731,10/26/2015,d_1732,,,,,0,0,0
1732,10/27/2015,d_1733,,,,,0,0,0
1733,10/28/2015,d_1734,,,,,0,0,0
1734,10/29/2015,d_1735,,,,,0,0,0
1735,10/30/2015,d_1736,,,,,0,0,0
1736,10/31/2015,d_1737,Halloween,Cultural,,,0,0,0
1737,11/1/2015,d_1738,,,,,1,1,0
1738,11/2/2015,d_1739,,,,,1,0,1
1739,11/3/2015,d_1740,,,,,1,1,1
1740,11/4/2015,d_1741,,,,,1,0,0
1741,11/5/2015,d_1742,,,,,1,1,1
1742,11/6/2015,d_1743,,,,,1,1,1
1743,11/7/2015,d_1744,,,,,1,1,0
1744,11/8/2015,d_1745,,,,,1,0,1
1745,11/9/2015,d_1746,,,,,1,1,1
1746,11/10/2015,d_1747,,,,,1,0,0
1747,11/11/2015,d_1748,VeteransDay,National,,,0,1,1
1748,11/12/2015,d_1749,,,,,0,1,1
1749,11/13/2015,d_1750,,,,,0,1,0
1750,11/14/2015,d_1751,,,,,0,0,1
1751,11/15/2015,d_1752,,,,,0,1,1
1752,11/16/2015,d_1753,,,,,0,0,0
1753,11/17/2015,d_1754,,,,,0,0,0
1754,11/18/2015,d_1755,,,,,0,0,0
1755,11/19/2015,d_1756,,,,,0,0,0
1756,11/20/2015,d_1757,,,,,0,0,0
1757,11/21/2015,d_1758,,,,,0,0,0
1758,11/22/2015,d_1759,,,,,0,0,0
1759,11/23/2015,d_1760,,,,,0,0,0
1760,11/24/2015,d_1761,,,,,0,0,0
1761,11/25/2015,d_1762,,,,,0,0,0
1762,11/26/2015,d_1763,Thanksgiving,National,,,0,0,0
1763,11/27/2015,d_1764,,,,,0,0,0
1764,11/28/2015,d_1765,,,,,0,0,0
1765,11/29/2015,d_1766,,,,,0,0,0
1766,11/30/2015,d_1767,,,,,0,0,0
1767,12/1/2015,d_1768,,,,,1,1,0
1768,12/2/2015,d_1769,,,,,1,0,1
1769,12/3/2015,d_1770,,,,,1,1,1
1770,12/4/2015,d_1771,,,,,1,0,0
1771,12/5/2015,d_1772,,,,,1,1,1
1772,12/6/2015,d_1773,,,,,1,1,1
1773,12/7/2015,d_1774,,,,,1,1,0
1774,12/8/2015,d_1775,,,,,1,0,1
1775,12/9/2015,d_1776,,,,,1,1,1
1776,12/10/2015,d_1777,,,,,1,0,0
1777,12/11/2015,d_1778,,,,,0,1,1
1778,12/12/2015,d_1779,,,,,0,1,1
1779,12/13/2015,d_1780,,,,,0,1,0
1780,12/14/2015,d_1781,Chanukah End,Religious,,,0,0,1
1781,12/15/2015,d_1782,,,,,0,1,1
1782,12/16/2015,d_1783,,,,,0,0,0
1783,12/17/2015,d_1784,,,,,0,0,0
1784,12/18/2015,d_1785,,,,,0,0,0
1785,12/19/2015,d_1786,,,,,0,0,0
1786,12/20/2015,d_1787,,,,,0,0,0
1787,12/21/2015,d_1788,,,,,0,0,0
1788,12/22/2015,d_1789,,,,,0,0,0
1789,12/23/2015,d_1790,,,,,0,0,0
1790,12/24/2015,d_1791,,,,,0,0,0
1791,12/25/2015,d_1792,Christmas,National,,,0,0,0
1792,12/26/2015,d_1793,,,,,0,0,0
1793,12/27/2015,d_1794,,,,,0,0,0
1794,12/28/2015,d_1795,,,,,0,0,0
1795,12/29/2015,d_1796,,,,,0,0,0
1796,12/30/2015,d_1797,,,,,0,0,0
1797,12/31/2015,d_1798,,,,,0,0,0
1798,1/1/2016,d_1799,NewYear,National,,,1,1,0
1799,1/2/2016,d_1800,,,,,1,0,1
1800,1/3/2016,d_1801,,,,,1,1,1
1801,1/4/2016,d_1802,,,,,1,0,0
1802,1/5/2016,d_1803,,,,,1,1,1
1803,1/6/2016,d_1804,,,,,1,1,1
1804,1/7/2016,d_1805,OrthodoxChristmas,Religious,,,1,1,0
1805,1/8/2016,d_1806,,,,,1,0,1
1806,1/9/2016,d_1807,,,,,1,1,1
1807,1/10/2016,d_1808,,,,,1,0,0
1808,1/11/2016,d_1809,,,,,0,1,1
1809,1/12/2016,d_1810,,,,,0,1,1
1810,1/13/2016,d_1811,,,,,0,1,0
1811,1/14/2016,d_1812,,,,,0,0,1
1812,1/15/2016,d_1813,,,,,0,1,1
1813,1/16/2016,d_1814,,,,,0,0,0
1814,1/17/2016,d_1815,,,,,0,0,0
1815,1/18/2016,d_1816,MartinLutherKingDay,National,,,0,0,0
1816,1/19/2016,d_1817,,,,,0,0,0
1817,1/20/2016,d_1818,,,,,0,0,0
1818,1/21/2016,d_1819,,,,,0,0,0
1819,1/22/2016,d_1820,,,,,0,0,0
1820,1/23/2016,d_1821,,,,,0,0,0
1821,1/24/2016,d_1822,,,,,0,0,0
1822,1/25/2016,d_1823,,,,,0,0,0
1823,1/26/2016,d_1824,,,,,0,0,0
1824,1/27/2016,d_1825,,,,,0,0,0
1825,1/28/2016,d_1826,,,,,0,0,0
1826,1/29/2016,d_1827,,,,,0,0,0
1827,1/30/2016,d_1828,,,,,0,0,0
1828,1/31/2016,d_1829,,,,,0,0,0
1829,2/1/2016,d_1830,,,,,1,1,0
1830,2/2/2016,d_1831,,,,,1,0,1
1831,2/3/2016,d_1832,,,,,1,1,1
1832,2/4/2016,d_1833,,,,,1,0,0
1833,2/5/2016,d_1834,,,,,1,1,1
1834,2/6/2016,d_1835,,,,,1,1,1
1835,2/7/2016,d_1836,SuperBowl,Sporting,,,1,1,0
1836,2/8/2016,d_1837,,,,,1,0,1
1837,2/9/2016,d_1838,,,,,1,1,1
1838,2/10/2016,d_1839,LentStart,Religious,,,1,0,0
1839,2/11/2016,d_1840,,,,,0,1,1
1840,2/12/2016,d_1841,,,,,0,1,1
1841,2/13/2016,d_1842,,,,,0,1,0
1842,2/14/2016,d_1843,ValentinesDay,Cultural,,,0,0,1
1843,2/15/2016,d_1844,PresidentsDay,National,,,0,1,1
1844,2/16/2016,d_1845,,,,,0,0,0
1845,2/17/2016,d_1846,LentWeek2,Religious,,,0,0,0
1846,2/18/2016,d_1847,,,,,0,0,0
1847,2/19/2016,d_1848,,,,,0,0,0
1848,2/20/2016,d_1849,,,,,0,0,0
1849,2/21/2016,d_1850,,,,,0,0,0
1850,2/22/2016,d_1851,,,,,0,0,0
1851,2/23/2016,d_1852,,,,,0,0,0
1852,2/24/2016,d_1853,,,,,0,0,0
1853,2/25/2016,d_1854,,,,,0,0,0
1854,2/26/2016,d_1855,,,,,0,0,0
1855,2/27/2016,d_1856,,,,,0,0,0
1856,2/28/2016,d_1857,,,,,0,0,0
1857,2/29/2016,d_1858,,,,,0,0,0
1858,3/1/2016,d_1859,,,,,1,1,0
1859,3/2/2016,d_1860,,,,,1,0,1
1860,3/3/2016,d_1861,,,,,1,1,1
1861,3/4/2016,d_1862,,,,,1,0,0
1862,3/5/2016,d_1863,,,,,1,1,1
1863,3/6/2016,d_1864,,,,,1,1,1
1864,3/7/2016,d_1865,,,,,1,1,0
1865,3/8/2016,d_1866,,,,,1,0,1
1866,3/9/2016,d_1867,,,,,1,1,1
1867,3/10/2016,d_1868,,,,,1,0,0
1868,3/11/2016,d_1869,,,,,0,1,1
1869,3/12/2016,d_1870,,,,,0,1,1
1870,3/13/2016,d_1871,,,,,0,1,0
1871,3/14/2016,d_1872,,,,,0,0,1
1872,3/15/2016,d_1873,,,,,0,1,1
1873,3/16/2016,d_1874,,,,,0,0,0
1874,3/17/2016,d_1875,StPatricksDay,Cultural,,,0,0,0
1875,3/18/2016,d_1876,,,,,0,0,0
1876,3/19/2016,d_1877,,,,,0,0,0
1877,3/20/2016,d_1878,,,,,0,0,0
1878,3/21/2016,d_1879,,,,,0,0,0
1879,3/22/2016,d_1880,,,,,0,0,0
1880,3/23/2016,d_1881,,,,,0,0,0
1881,3/24/2016,d_1882,Purim End,Religious,,,0,0,0
1882,3/25/2016,d_1883,,,,,0,0,0
1883,3/26/2016,d_1884,,,,,0,0,0
1884,3/27/2016,d_1885,Easter,Cultural,,,0,0,0
1885,3/28/2016,d_1886,,,,,0,0,0
1886,3/29/2016,d_1887,,,,,0,0,0
1887,3/30/2016,d_1888,,,,,0,0,0
1888,3/31/2016,d_1889,,,,,0,0,0
1889,4/1/2016,d_1890,,,,,1,1,0
1890,4/2/2016,d_1891,,,,,1,0,1
1891,4/3/2016,d_1892,,,,,1,1,1
1892,4/4/2016,d_1893,,,,,1,0,0
1893,4/5/2016,d_1894,,,,,1,1,1
1894,4/6/2016,d_1895,,,,,1,1,1
1895,4/7/2016,d_1896,,,,,1,1,0
1896,4/8/2016,d_1897,,,,,1,0,1
1897,4/9/2016,d_1898,,,,,1,1,1
1898,4/10/2016,d_1899,,,,,1,0,0
1899,4/11/2016,d_1900,,,,,0,1,1
1900,4/12/2016,d_1901,,,,,0,1,1
1901,4/13/2016,d_1902,,,,,0,1,0
1902,4/14/2016,d_1903,,,,,0,0,1
1903,4/15/2016,d_1904,,,,,0,1,1
1904,4/16/2016,d_1905,,,,,0,0,0
1905,4/17/2016,d_1906,,,,,0,0,0
1906,4/18/2016,d_1907,,,,,0,0,0
1907,4/19/2016,d_1908,,,,,0,0,0
1908,4/20/2016,d_1909,,,,,0,0,0
1909,4/21/2016,d_1910,,,,,0,0,0
1910,4/22/2016,d_1911,,,,,0,0,0
1911,4/23/2016,d_1912,,,,,0,0,0
1912,4/24/2016,d_1913,,,,,0,0,0
1913,4/25/2016,d_1914,,,,,0,0,0
1914,4/26/2016,d_1915,,,,,0,0,0
1915,4/27/2016,d_1916,,,,,0,0,0
1916,4/28/2016,d_1917,,,,,0,0,0
1917,4/29/2016,d_1918,,,,,0,0,0
1918,4/30/2016,d_1919,Pesach End,Religious,,,0,0,0
1919,5/1/2016,d_1920,OrthodoxEaster,Religious,,,1,1,0
1920,5/2/2016,d_1921,,,,,1,0,1
1921,5/3/2016,d_1922,,,,,1,1,1
1922,5/4/2016,d_1923,,,,,1,0,0
1923,5/5/2016,d_1924,Cinco De Mayo,Cultural,,,1,1,1
1924,5/6/2016,d_1925,,,,,1,1,1
1925,5/7/2016,d_1926,,,,,1,1,0
1926,5/8/2016,d_1927,Mother's day,Cultural,,,1,0,1
1927,5/9/2016,d_1928,,,,,1,1,1
1928,5/10/2016,d_1929,,,,,1,0,0
1929,5/11/2016,d_1930,,,,,0,1,1
1930,5/12/2016,d_1931,,,,,0,1,1
1931,5/13/2016,d_1932,,,,,0,1,0
1932,5/14/2016,d_1933,,,,,0,0,1
1933,5/15/2016,d_1934,,,,,0,1,1
1934,5/16/2016,d_1935,,,,,0,0,0
1935,5/17/2016,d_1936,,,,,0,0,0
1936,5/18/2016,d_1937,,,,,0,0,0
1937,5/19/2016,d_1938,,,,,0,0,0
1938,5/20/2016,d_1939,,,,,0,0,0
1939,5/21/2016,d_1940,,,,,0,0,0
1940,5/22/2016,d_1941,,,,,0,0,0
1941,5/23/2016,d_1942,,,,,0,0,0
1942,5/24/2016,d_1943,,,,,0,0,0
1943,5/25/2016,d_1944,,,,,0,0,0
1944,5/26/2016,d_1945,,,,,0,0,0
1945,5/27/2016,d_1946,,,,,0,0,0
1946,5/28/2016,d_1947,,,,,0,0,0
1947,5/29/2016,d_1948,,,,,0,0,0
1948,5/30/2016,d_1949,MemorialDay,National,,,0,0,0
1949,5/31/2016,d_1950,,,,,0,0,0
1950,6/1/2016,d_1951,,,,,1,1,0
1951,6/2/2016,d_1952,NBAFinalsStart,Sporting,,,1,0,1
1952,6/3/2016,d_1953,,,,,1,1,1
1953,6/4/2016,d_1954,,,,,1,0,0
1954,6/5/2016,d_1955,,,,,1,1,1
1955,6/6/2016,d_1956,,,,,1,1,1
1956,6/7/2016,d_1957,Ramadan starts,Religious,,,1,1,0
1957,6/8/2016,d_1958,,,,,1,0,1
1958,6/9/2016,d_1959,,,,,1,1,1
1959,6/10/2016,d_1960,,,,,1,0,0
1960,6/11/2016,d_1961,,,,,0,1,1
1961,6/12/2016,d_1962,,,,,0,1,1
1962,6/13/2016,d_1963,,,,,0,1,0
1963,6/14/2016,d_1964,,,,,0,0,1
1964,6/15/2016,d_1965,,,,,0,1,1
1965,6/16/2016,d_1966,,,,,0,0,0
1966,6/17/2016,d_1967,,,,,0,0,0
1967,6/18/2016,d_1968,,,,,0,0,0
1968,6/19/2016,d_1969,NBAFinalsEnd,Sporting,Father's day,Cultural,0,0,0
